0,1,2,3,4
,1928,[''],['Reparto'],Ganó 4 premios Primetime Emmy
Michael Isokpan,No data,"['Edo Decree 1440', '9,8', 'James', 'Olotu']",['Reparto'],Sin oscar
Liz Mohun,No data,['Flower'],['Reparto'],Sin oscar
Brian Markinson,1961,[''],"['Reparto', 'Producción']",Sin Oscar
Drew Denny,1984,[''],"['Dirección', 'Producción', 'Reparto']",Sin Oscar
Amrutha Rao,No data,"['Who:3', 'Reparto']",['Reparto'],Sin oscar
Barbora Cernotová,No data,['Tehdy spolu'],['Reparto'],Sin oscar
Susan Duerden,septiembre,[''],['Reparto'],Sin oscar
Channegowda,No data,"['Thithi', 'Tharle Village', 'Reparto', '2017']",['Reparto'],Sin oscar
Paul Mattia,No data,"['The Shakespeare Series', '2013 • 1 episodio', '2008', 'Background', '2017']","['Reparto', 'Dirección de fotografía y cámara']",Sin oscar
Kevin Interdonato,1979,[''],"['Reparto', 'Producción', 'Guion']",Sin Oscar
Hokuto Matsuda,No data,"['Ninpu Sentai Hurricaneger: 10 Years After', '2013', 'Kodoku no gurume', '2015 • 1 episodio', 'Reparto']",['Reparto'],Sin oscar
Mac Van Khoa,No data,"['Vo Oi ... Em O Dau?', '6,4', '5,5', '5,9']",['Reparto'],Sin oscar
Jordi Rico,No data,[''],['Reparto'],Sin oscar
Jurgen Delnaet,1972,[''],"['Reparto', 'Banda sonora']",Sin Oscar
Siobhan Fallon Hogan,1961,[''],"['Reparto', 'Guion', 'Producción']",Sin Oscar
Sylvester Darnell,No data,"['Auction Block', 'What Is Love?', 'Corto', '8,1']","['Reparto', 'Guion', 'Producción']",Sin oscar
Samantha Dixon,No data,[''],No data,Sin oscar
Angela Schijf,1979,[''],"['Reparto', 'Música']",Sin Oscar
Sinikka Moilanen,No data,"['Rendel 2: Cycle of Revenge', 'Cámara y electricidad']",['Cámara y electricidad'],Sin oscar
Bill Sage,1962,[''],"['Reparto', 'Producción']",Sin Oscar
Idris Ali,No data,"['Ashab wala business', ""Awlad Harim Karim (The Children of Karim's Ladies)"", ""Doctor Omar's Gang"", 'Harim Karim']","['Dirección', 'Dirección de la segunda unidad o asistencia a dirección', 'Reparto']",Sin oscar
Gary Heasman,No data,"['Happy Birthday, Toby Simpson']",['Reparto'],Sin oscar
Ed Conrad,No data,[''],['Reparto'],Más en IMDbPro
Audriena Comeaux,No data,[''],"['Reparto', 'Equipos adicionales', 'Dirección']",Más en IMDbPro
Colby Minifie,1992,[''],"['Reparto', 'Banda sonora']",Sin Oscar
Major Dodge Jr.,No data,[''],['Reparto'],Más en IMDbPro
Dania Nassar,No data,['La montaña entre nosotros'],['Reparto'],Sin oscar
Anna Luca Biani,1991,"['Freaky Deaky', 'Voice', 'Heroine(as Anna Gurji)', 'JennyIrisKate']","['Reparto', 'Producción', 'Guion']",Sin oscar
Sam Humphrey,No data,[''],"['Reparto', 'Producción', 'Dirección']",Más en IMDbPro
Gabe Bennett,No data,[''],['Reparto'],Más en IMDbPro
Ashley Cruz,No data,"['Chlöe: Treat Me', '2022', 'Self', 'Especial de TV']",['Reparto'],Sin oscar
Tye Banks,No data,[''],"['Dirección', 'Producción', 'Edición']",Más en IMDbPro
Gary Gustin,1959,[''],"['Reparto', 'Composición', 'Equipos adicionales']",Sin oscar
Marco Bonini,1972,"['Noi e la Giulia', 'Billo - Il Grand Dakhaar', 'Diciotto anni dopo', 'AD Project']","['Reparto', 'Guion', 'Producción']",Sin Oscar
Onur Yilmaz,No data,"['The Ottoman Lieutenant', 'Dayi: Bir Adamin Hikayesi', 'Askin Gören Gözlere Ihtiyaci yok', 'Love 101', '2021 • 8 episodios']","['Arte', 'Dirección de arte']",Sin oscar
Leanne Agmon,No data,[''],['Reparto'],Más en IMDbPro
John Tyner,No data,"['Anáthesi Diáblos', 'Life Changes Everything: Discover Zac Ryan', 'Our Story', 'Shelter', '2012']","['Reparto', 'Dirección', 'Edición']",Sin oscar
Ifeanyichukwu Mike,No data,"['A Lonely lane', 'Tochukwu']",['Reparto'],Sin oscar
Brent Myerson,No data,"['Day at Park', '2,8', 'Will Gittens: A Day with You', 'This is Standard Practice']",['Reparto'],Sin oscar
Luis Ziembrowski,1961,[''],"['Reparto', 'Guion', 'Dirección']",Sin Oscar
Marko Kovac,1981,"['1991.', '9,1', 'Carlos Trapéz', 'Potpisani 08 - Treger', '2019']","['Dirección', 'Reparto', 'Guion']",Sin oscar
Brandon Heitkamp,No data,"['Bad Frank', 'Oxenfree', 'Clean Money']","['Reparto', 'Producción', 'Equipos adicionales']",Sin Oscar
David N. Donihue,No data,[''],"['Dirección', 'Guion', 'Edición']",Más en IMDbPro
Thibaut Evrard,No data,[''],"['Reparto', 'Guion']",Más en IMDbPro
Micah Hauptman,No data,No data,No data,Sin oscar
Danny Kadar,No data,['Dust Radio: A Film About Chris Whitley'],No data,Sin oscar
Nova Sjoberg,No data,['Cargo'],['Reparto'],Sin oscar
Milan Vasic,1979,[''],['Reparto'],Sin oscar
Espin Bambi,No data,"['Nzonzi, les maitres du jeu', 'Localización', '2015']","['Reparto', 'Dirección de la segunda unidad o asistencia a dirección', 'Localización']",Sin oscar
Gabriella Cila,No data,[''],['Reparto'],Más en IMDbPro
Yûta Koseki,1995,[''],['Reparto'],Sin oscar
Shaffy Bello,No data,"['Voiceless Scream', '9,7', 'Soft Work', 'Dr. Ann']",['Reparto'],Sin oscar
Jordan Lawson,1988,[''],"['Reparto', 'Producción', 'Guion']",Sin oscar
Paul Blackthorne,1969,[''],"['Reparto', 'Producción', 'Dirección']",Sin Oscar
Mouni,1985,[''],['Reparto'],Sin Oscar
Sandeep J.L.,No data,[''],"['Reparto', 'Dirección', 'Producción']",Más en IMDbPro
Samantha White,No data,"['Bienvenidos al fin del mundo', 'The Rizen', 'The Gatehouse', 'Friends Online', '2019']","['Equipos adicionales', 'Reparto', 'Producción']",Sin oscar
Michael Roark,1983,[''],"['Reparto', 'Producción']",Sin Oscar
Devang Patel,No data,['Grand Hali'],['Reparto'],Sin oscar
Antonio Brunetti,No data,[''],['Reparto'],Más en IMDbPro
Laura Barrett Larkins,No data,[''],"['Reparto', 'Vestuario']",Más en IMDbPro
Shawn Francis Saunders,No data,"['Romeo & Juliet', 'Say the Sins', 'Josie Jane: Kill the Babysitter', 'The Dead Body']","['Reparto', 'Cámara y electricidad', 'Guion']",Sin oscar
Rheta Hutton,1937,"['Smallville', '2002 • 1 episodio', '2003', '1999', '2017']",['Reparto'],Sin oscar
Zara Symes,1984,[''],"['Guion', 'Reparto', 'Dirección']",Sin Oscar
Nicole Davenport,No data,[''],['Reparto'],Más en IMDbPro
Jesse Borrego,1962,[''],"['Reparto', 'Producción', 'Dirección']",Sin oscar
Kalled Mustonen,1979,[''],['Reparto'],Sin oscar
Swaylee Loughnane,1982,"['Connie Lynn', 'Bank on us', '2020', 'Ra.One']","['Reparto', 'Producción', 'Dirección']",Sin Oscar
Dennis Haysbert,1954,[''],"['Reparto', 'Producción', 'Dirección']",Sin Oscar
Larkin Bell,No data,[''],['Reparto'],Más en IMDbPro
Margarita Sitnikova,No data,['Aisylu'],['Reparto'],Sin oscar
Suzanne Leslie,No data,"['Perfect', 'Millonario al instante']",['Reparto'],Sin oscar
Annika Albert,No data,"['The Grinn', 'The Forger', 'Sticky']","['Reparto', 'Equipos adicionales']",Sin oscar
Jeevan Gowda,No data,"['Varnamaya', 'Anireekshitha', 'Dirección de fotografía y cámara']",['Dirección de fotografía y cámara'],Sin oscar
Destiny Jenkins,No data,[''],['Reparto'],Más en IMDbPro
Akash Gopal,No data,"['Gully Boy', 'Beyond the Clouds']",['Reparto'],Sin oscar
Anton Shagin,1984,[''],['Reparto'],Sin Oscar
Mohan Juneja,2021,[''],"['Reparto', 'Guion']",Sin oscar
Tanita Love,No data,"['MMXII', 'Paying Mr. McGetty', 'The Laughing Mask', 'Interview with the Prince']","['Reparto', 'Equipos adicionales', 'Dirección de arte']",Sin oscar
Fereydoon Sorani,1950,"['The Death Story of Sohrab', 'Jafar Khan az farang bargashte', 'Poshte Koohaye Boland', '2012', '2008']",['Reparto'],Sin oscar
Yetide Badaki,1981,[''],"['Reparto', 'Producción', 'Guion']",Sin Oscar
Marco Drillings,No data,['For Love Nor Money'],['Reparto'],Sin oscar
Joseph John Schirle,No data,[''],"['Reparto', 'Equipos adicionales']",Más en IMDbPro
Emily Watson,1967,[''],"['Reparto', 'Producción', 'Banda sonora']",Nominado para 2 premios Óscar
Luisana Lopilato,1987,[''],"['Reparto', 'Composición', 'Banda sonora']",Sin Oscar
Brianna Burke,No data,[''],['Reparto'],Más en IMDbPro
Prakash Raj,1965,[''],"['Reparto', 'Producción', 'Dirección']",Sin Oscar
Jay Reeves,No data,[''],"['Reparto', 'Producción', 'Dirección']",Más en IMDbPro
Isaac Marble,No data,"['Feral', 'Producción', 'Producción', 'Producción']","['Producción', 'Reparto']",Sin oscar
Matt Jones,1981,[''],"['Reparto', 'Dirección', 'Producción']",Sin Oscar
Feyyaz Duman,1982,[''],"['Reparto', 'Banda sonora']",Sin Oscar
Queen Elizabeth II,1926,[''],"['Equipos adicionales', 'Guion', 'Reparto']",Ganó 1 premio BAFTA
Efran Bashiri,No data,['Cream'],['Reparto'],Sin oscar
Bryan Hickey,1988,"[""Doin' the Brando"", 'Unadulterated', 'A Meeting with a Gun', 'The Good Son']","['Reparto', 'Cámara y electricidad', 'Producción']",Sin oscar
Justin Rosniak,1977,[''],"['Reparto', 'Producción', 'Dirección']",Sin Oscar
Richard Davies,No data,[''],"['Reparto', 'Producción', 'Guion']",Más en IMDbPro
Laertis Vasiliou,1974,"['Out of Touch', 'Assassin Soul Mates', 'Serie de TV', '5,7']","['Reparto', 'Equipos adicionales']",Sin oscar
Nahuel Yotich,No data,"['Madres de mayo', 'El secreto libre', '4,6', '6,5']","['Reparto', 'Equipos adicionales']",Sin oscar
Justin Lee,1978,[''],"['Reparto', 'Producción', 'Equipos adicionales']",Sin Oscar
Mo Anouti,No data,[''],"['Reparto', 'Producción', 'Guion']",Más en IMDbPro
Madisyn Lane,No data,"['Daughter of Time', 'Something Like Summer', 'Exceptionals', '2014 • 1 episodio', 'Jeanine Phillips']",['Reparto'],Sin oscar
Kenneth Collard,No data,[''],"['Reparto', 'Guion', 'Banda sonora']",Más en IMDbPro
Crina Matei,No data,"['Vampiros espaciales adolescentes', 'La urgenta', '2006–2007 • 12 episodios', '2017', '2013']",['Reparto'],Sin oscar
Ivan Krapic,No data,"['Rio 2016: Games of the XXXI Olympiad', '2016 • 1 episodio']",No data,Sin oscar
Matías Aranda,No data,"['Destino', '2014 • 104 episodios', 'Reparto', 'Serie de TV']",['Reparto'],Sin oscar
Keith D. Robinson,1976,[''],"['Reparto', 'Guion', 'Música']",Sin Oscar
Peter Woodward,1956,[''],"['Reparto', 'Guion', 'Especialistas']",Nominado para 1 premio Primetime Emmy
Markus Säärelä,No data,['Seita'],"['Reparto', 'Dirección de arte', 'Edición']",Sin oscar
Alejandro Lopez,1967,"['Corazón valiente', '2012 • 88 episodios', 'El Súper Javi', 'Serie de TV', '8,3']",['Reparto'],Sin oscar
Natasa Popovska,No data,['Katinka'],['Reparto'],Sin oscar
Quamara Jenkins,No data,"['Loretta 2 New Beginning', 'Dr.Sloan', '2019']","['Reparto', 'Dirección de fotografía y cámara']",Sin oscar
Jim Thalman,1972,[''],"['Reparto', 'Producción', 'Guion']",Sin Oscar
Suhas Palshikar,No data,[''],['Reparto'],Más en IMDbPro
Endrid Nazaret,No data,['Corneador'],['Reparto'],Sin oscar
Kalpana,1943,[''],['Reparto'],Sin Oscar
Jenny Hutton,febrero,[''],['Reparto'],Sin oscar
Drago Sumonja,1975,"['Lucky', 'Char·ac·ter', 'We Had a Home', 'Social Services Man']","['Reparto', 'Equipos adicionales', 'Producción']",Sin Oscar
Kaddi Vishwa,No data,"['Gulama', 'Birugaali', 'Charminar', 'Auto Raja']",['Reparto'],Sin oscar
Rory Barton-Grimley,No data,"[""Elijah's Ashes""]",['Reparto'],Sin oscar
Elle Evans,1989,[''],['Reparto'],Sin Oscar
Heather Bright,No data,"['The Body Tap Massacre', 'Videoclip', '7,4']","['Reparto', 'Banda sonora']",Sin oscar
Nisha Parulekar,No data,[''],['Reparto'],Más en IMDbPro
Cecilia Barton-Grimley,No data,"[""Elijah's Ashes""]",['Reparto'],Sin oscar
Elisa Grigoras,No data,['The Slider'],['Reparto'],Sin oscar
Flora Cross,1993,[''],['Reparto'],Sin Oscar
Omar J. Dorsey,1975,[''],"['Reparto', 'Producción', 'Dirección']",Sin Oscar
Dua Hegazi,No data,"['Rassayel el bahr', 'Al-raghba', 'El-Funduq', '2,5']",['Reparto'],Sin oscar
Montetré,No data,[''],"['Reparto', 'Dirección', 'Edición']",Más en IMDbPro
John W. Iwanonkiw,No data,[''],"['Reparto', 'Cámara y electricidad', 'Producción']",Más en IMDbPro
M.R. Gopakumar,No data,[''],['Reparto'],Más en IMDbPro
Marija Bergam,1991,"['Here Be Dragons', 'La trampa', 'Sol negro', '2017–2020 • 20 episodios', '2013']",['Reparto'],Sin oscar
Se-ri Baek,No data,"['Two Mothers', 'Mae-choon', ""Lady's Tasty Sex - Director's Cut"", '5,6']",['Reparto'],Sin oscar
Rosie Day,1995,[''],"['Reparto', 'Guion', 'Dirección']",Sin Oscar
Larry John Meyers,No data,"['El tren del infierno', 'Sudden Death (Muerte súbita)', 'La verdad duele', 'Flashdance']",['Reparto'],Sin oscar
Mandya Jayaram,No data,"['Katheyondu Shuruvagide', 'Iniya', 'Reparto', '2018']",['Reparto'],Sin oscar
Garrett Riddick,No data,[''],"['Composición', 'Banda sonora']",Más en IMDbPro
Jesse James Youngblood,No data,[''],"['Reparto', 'Especialistas', 'Producción']",Más en IMDbPro
Akshara Singh,1993,"['Pawan Raja', 'Diler', 'Reparto']","['Reparto', 'Música']",Sin Oscar
Patrick Walker,1992,[''],"['Reparto', 'Guion', 'Producción']",Sin Oscar
Simba Masaku,No data,"['Hound', 'The Monster', 'Dirección', 'Steve Marshall']","['Reparto', 'Dirección', 'Cámara y electricidad']",Sin oscar
Adrian Mancinelli,No data,"['Red Tide', 'MMXII', 'Fallen Heights', 'Significance']",['Reparto'],Sin oscar
Kevin Eugene Davis,No data,"['Man in a Box', 'Kingdom Come', 'Deleted', 'Arisen']","['Reparto', 'Producción', 'Guion']",Sin oscar
Jordan Belfi,noviembre,[''],"['Reparto', 'Cámara y electricidad', 'Producción']",Sin oscar
Nancy Klimas,No data,"['Unrest', 'I Remember Me']",No data,Sin oscar
Tunde Owokoniran,No data,"['Family Blackmail', 'Customer', '2020']","['Reparto', 'Dirección', 'Dirección de producción']",Sin oscar
Patricio Zárate,No data,"['Desperfectos', 'El Vuelo del Buitre']","['Dirección', 'Guion', 'Edición']",Sin oscar
Snezana Knezevic,No data,"['Kleveta', '5,6', '6,3', '5,8']",['Reparto'],Sin oscar
Mike Colter,1976,[''],"['Reparto', 'Equipos adicionales', 'Efectos visuales']",Sin Oscar
Kevin Julio,1993,"['Adriana', 'Kolak Express 3', 'Jagoan Instan', 'Akad']",['Reparto'],Sin Oscar
Stephen Damian,No data,[''],"['Reparto', 'Guion', 'Producción']",Más en IMDbPro
Jamie Elman,1976,[''],"['Reparto', 'Guion', 'Dirección']",Sin Oscar
Choi Jong-won,1950,"['Yeongwonhan jegug', 'Yungnyong-i Nareusya', '2015 • 18 episodios', 'ElderPark Jung-dae', 'Serie de TV']",['Reparto'],Sin Oscar
John Shea,1949,[''],"['Reparto', 'Guion', 'Producción']",Ganó 1 premio Primetime Emmy
Bobby Deen,1970,[''],['Reparto'],Sin oscar
Bullet Prakash,2020,"['Bachchan', 'Bhajarangi', 'Brahma', 'Octopus']",['Reparto'],Sin Oscar
Dan Parks,No data,[''],"['Dirección', 'Guion', 'Edición']",Más en IMDbPro
Hadijah Nakanjako,No data,[''],"['Reparto', 'Dirección', 'Guion']",Sin Oscar
Anchor Ankita,No data,['Students'],['Reparto'],Sin oscar
Michael O'Hare Wallace,No data,[''],"['Producción', 'Guion', 'Reparto']",Más en IMDbPro
Mahi Kahn,No data,['Tu Hi to Meri Jaan Hai Radha 2'],['Reparto'],Sin oscar
Nicholas Alden,No data,"['Proyectos imposibles', '2017–2018 • 5 episodios', '2023', '2021', '2010']","['Edición', 'Edición', 'Reparto']",Sin oscar
Natalie Paul,1986,[''],"['Reparto', 'Dirección', 'Guion']",Sin Oscar
Paul Westwood,No data,"['Mortdecai', ""Da Vinci's Demons"", '2013 • 5 episodios', 'Paul Whitehouse', 'Glen']",['Reparto'],Sin oscar
Chloe Berman,No data,[''],"['Reparto', 'Guion', 'Producción']",Más en IMDbPro
Ricardo Paris,No data,"['Final Thesis', 'Bartender', 'Luis']",['Reparto'],Sin oscar
Octavia Spencer,1970,[''],"['Reparto', 'Producción', 'Dirección']",Ganó 1 premio Óscar
Gonzalo Urtizberéa,No data,"['Elsa & Fred', 'Un hijo genial', 'Blindado', 'El cruce de la pampa']","['Reparto', 'Producción']",Sin oscar
John Malkovich,1953,[''],"['Reparto', 'Producción', 'Guion']",Nominado para 2 premios Óscar
Matthew J. Nash,No data,No data,No data,Sin oscar
Shibly Nouman,No data,['Tukhor: Operation Club D'],['Reparto'],Sin oscar
Zuzana Fialová,1974,[''],"['Reparto', 'Guion', 'Dirección']",Sin oscar
Lauren Knight,No data,"[""Tenishia Wilson- She's So Funny""]",['Reparto'],Sin oscar
Carol Ullman,No data,['The Musician'],['Reparto'],Sin oscar
Lesya Krypyakevych,No data,"[""Mama's Heart. Gongadze""]",No data,Sin oscar
Saki Hagiyama,No data,['Gekijô-ban: Bikû'],['Reparto'],Sin oscar
Will Mullins,No data,"['Lazy', 'The Band']",['Reparto'],Sin oscar
Rachel Field,No data,[''],"['Reparto', 'Dirección', 'Producción']",Más en IMDbPro
Xiaobing Ji,No data,"['Fairyland Lovers', '2020 • 35 episodios', 'Gao Fang', 'Serie de TV', '7,2']",['Reparto'],Más en IMDbPro
Bill Elverman,1951,"['The Guiding Light', '1990–1992 • 60 episodios', '1985']","['Guion', 'Reparto']",Sin Oscar
Shruthi,No data,"['Anjali', 'Pyar Hua Chori Chori', 'Vidhi 370']",['Reparto'],Sin Oscar
Rajeev Misra,No data,['Black Widow: A Land Bleeds'],['Reparto'],Sin oscar
Algenis Perez Soto,No data,[''],['Reparto'],Más en IMDbPro
Angelina Ganiere,No data,[''],['Reparto'],Sin oscar
Jay Harrington,1971,[''],"['Reparto', 'Dirección']",Sin oscar
John Sessions,1953,[''],"['Reparto', 'Guion', 'Equipos adicionales']",Sin Oscar
Srg Gowrishankar,No data,"['Kerebete', '2017']","['Reparto', 'Producción']",Sin oscar
Matt Fling,1973,[''],"['Reparto', 'Guion', 'Producción']",Sin oscar
Phillip Embrey,No data,"['The Con Game', 'By Any Name', 'The Man in the Mask', 'Reparto']",['Reparto'],Sin oscar
Sihi Kahi Chandru,No data,"['Sparsha', 'Shanti Kranti', 'Devara Naadalli', '9 to 12']","['Reparto', 'Dirección']",Sin oscar
Philip Herbert,1957,"['El retorno del jedi', 'La loca pandilla de Chris Columbus', 'Nova', '2005 • 1 episodio', '2009']","['Reparto', 'Equipos adicionales']",Sin oscar
Améni Mézati,No data,['Dhekrayet Porto Farina'],['Reparto'],Sin oscar
Lisa Timmons,No data,[''],"['Reparto', 'Guion', 'Dirección']",Más en IMDbPro
Kyrie DeMille,No data,"['A Thousand Junkies', 'Cactus Blossom']",['Reparto'],Sin oscar
June Diane Raphael,1980,[''],"['Reparto', 'Guion', 'Equipos adicionales']",Sin Oscar
Joanne Priest,No data,"['Love Is a Four-Letter Word', '2001 • 11 episodios', '2017', '2003', 'Amanda Parnesi']",['Reparto'],Sin Oscar
Debra Mooney,1947,[''],['Reparto'],Sin oscar
Jimi Lanham,No data,"['Deadpool & Black Panther: The Gauntlet', '2016', '2019', '2017']","['Reparto', 'Equipos adicionales']",Sin oscar
Thomas Turgoose,1992,[''],['Reparto'],Sin Oscar
Robin Duran,No data,[''],"['Reparto', 'Producción']",Más en IMDbPro
Anil,1956,[''],"['Reparto', 'Producción', 'Música']",Sin Oscar
Kerri Romeo,No data,[''],"['Reparto', 'Producción', 'Guion']",Más en IMDbPro
Victoria Redstall,No data,[''],"['Reparto', 'Producción', 'Guion']",Más en IMDbPro
Paul Blott,No data,[''],['Reparto'],Sin oscar
Annapoorna,1948,[''],"['Reparto', 'Cámara y electricidad']",Sin oscar
Louis Dempsey,No data,[''],"['Reparto', 'Guion']",Más en IMDbPro
Art Hindle,1948,[''],"['Reparto', 'Dirección', 'Producción']",Sin Oscar
Xinzi Yin,No data,"['Liu ren wan can', 'Shen hu xi', 'Película de TV']",['Reparto'],Sin oscar
Julie Chapin,No data,[''],"['Reparto', 'Producción', 'Guion']",Más en IMDbPro
Peter Grosz,1974,[''],"['Guion', 'Reparto', 'Producción']",Ganó 2 premios Primetime Emmy
Tamar Gegeshidze,No data,"[""Mama's Heart. Gongadze""]",No data,Sin oscar
Louise Fellows,No data,"['By Any Name', 'To Cancer and Beyond', 'Waiting in Rhyme', '2009']","['Reparto', 'Equipos adicionales']",Sin oscar
Theo Stevenson,1998,[''],['Reparto'],Sin oscar
Stefan Sandrock,No data,"['Lurkidammerburschen', 'Das ist ja das Leben selbst!', 'Sharknado 5: Aletamiento global', '2017', '2017']","['Reparto', 'Dirección', 'Guion']",Sin oscar
Shashone Lambert-Short,No data,"['Butter-Fly', 'Investments: The Series', 'When the Apple Falls', 'The Cure']","['Reparto', 'Guion', 'Producción']",Sin Oscar
Vinay Ratnasiddi,No data,"['Ganduli', 'Premam 2Two', 'Engineers']","['Dirección', 'Reparto', 'Guion']",Sin oscar
William Fichtner,1956,[''],"['Reparto', 'Producción', 'Dirección']",Sin Oscar
Scott Wallace Jr.,No data,"['The Son of Man', 'New York State of Mine', 'Pluralidad', '2012', 'Chase Lord']","['Reparto', 'Guion', 'Producción']",Sin oscar
Harold Cannon,2023,[''],['Reparto'],Sin oscar
Yahya Abdul-Mateen II,1986,[''],"['Reparto', 'Producción']",Ganó 1 premio Primetime Emmy
Teresa Branchaud,No data,"['Quand le jour deviendra la nuit', 'Honor to Victory', 'The Tourist Guide: Ottawa Universe', 'Des humains bien tranquilles']","['Reparto', 'Guion', 'Dirección de fotografía y cámara']",Sin oscar
Ben Kaufmann,No data,"['Phantomschmerz', 'All Things Hair', 'The Porchlight Sessions']","['Dirección', 'Equipos adicionales']",Sin oscar
Morningstar Angeline,No data,[''],"['Reparto', 'Dirección', 'Producción']",Más en IMDbPro
Timon Kyle Durrett,No data,[''],"['Reparto', 'Producción']",Más en IMDbPro
Jason Pabon,No data,"['The Cover Up', 'Cuffs & Shield', 'Corto', '6,1']","['Reparto', 'Dirección de fotografía y cámara', 'Dirección de la segunda unidad o asistencia a dirección']",Sin oscar
Pradeep Pandey,1992,"['Chhora Ganga Kinare Wala', 'Chudail Story', 'Jeena Teri Gali Mein', 'Reparto']","['Reparto', 'Maquillaje', 'Música']",Sin oscar
David Benzoe,No data,['Beyond Natural Eye'],['Reparto'],Sin oscar
Chris Gibson,No data,[''],"['Reparto', 'Producción', 'Guion']",Sin Oscar
Arvind Vekariya,No data,['Wo Jo Tha EK Messiah Maulana Azad'],['Reparto'],Sin oscar
Paniz Norozi,No data,['Eternal sleep'],['Reparto'],Sin oscar
Patricia Orantes,No data,"['Nuestras madres', 'Los gigantes no existen', 'El silencio de Neto', 'Separación de bienes (pasión por la realidad No.2)']",['Reparto'],Sin oscar
Sanjeev Kumar,1938,[''],['Reparto'],Sin Oscar
Tangwah Golder,No data,['A Beautiful Day to Die'],['Reparto'],Sin oscar
Arnaldo Pipke,No data,"['Infortunios', 'Entrenando a mi papá', 'Amateur', 'Dueños del Paraíso', '2015 • 18 episodios']","['Reparto', 'Producción']",Sin oscar
Callum Turner,No data,[''],"['Reparto', 'Dirección', 'Guion']",Más en IMDbPro
Laura Hajek,No data,[''],"['Reparto', 'Arte']",Más en IMDbPro
Carrie Preston,junio,[''],"['Reparto', 'Dirección', 'Producción']",Ganó 1 premio Primetime Emmy
Pierre Hancisse,No data,"['Soñadores', ""Que d'amour!"", '2013', 'Samuel Kahn', 'Julien']",['Reparto'],Sin oscar
Shaghayegh Farahani,1972,"['Butterfly in the Wind', 'The Sinners', 'Chatri baray-eh do nafar', 'Shabhaye Tehran']",['Reparto'],Sin Oscar
Naveen D. Padil,No data,[''],['Reparto'],Sin oscar
JieYing Tha,No data,"['Papa, Come Home']",['Reparto'],Sin oscar
Carlos Antonio León,No data,[''],"['Reparto', 'Producción']",Más en IMDbPro
Gang Wu,1962,"['Po bing xing dong', '2019 • 48 episodios', '2017', '2009', '2020']",['Reparto'],Sin Oscar
Richard Pis,No data,"['Catching Junior Tate', 'Finding Eden', 'Masked', 'Grieving Brother']","['Reparto', 'Especialistas']",Sin oscar
Hetty Abbott,No data,[''],"['Reparto', 'Guion']",Más en IMDbPro
Xahid Khan,1991,"['Bakshobondi Kotha', '2022', 'Evening Gush', 'Alert: Condition - Red', '2017']","['Dirección', 'Guion', 'Dirección de casting']",Sin oscar
Rich Sommer,1978,[''],"['Reparto', 'Banda sonora']",Sin Oscar
Elizabeth Rodriguez,1980,[''],"['Reparto', 'Guion', 'Producción']",Sin Oscar
Demetrius Shipp Jr.,No data,[''],['Reparto'],Más en IMDbPro
Veer Gurjar,No data,"['Tyypes of LOVE', 'College Boy', '2023', 'Naitri Dev']",['Reparto'],Sin oscar
Nohely Arteaga,1963,"['El paseo de la gracia de Dios', '1993 • 173 episodios', 'Micaela LugoMicaela Lugo (2000)', 'Serie de TV', '5,2']",['Reparto'],Sin oscar
Hicham Bouzidi,No data,"['Dhekrayet Porto Farina', 'Aria Delma', '7,8']",['Reparto'],Sin oscar
James Kyson,diciembre,[''],"['Reparto', 'Producción', 'Guion']",Sin Oscar
Gene Gallerano,No data,[''],"['Producción', 'Reparto', 'Dirección']",Más en IMDbPro
David Haines,No data,[''],"['Reparto', 'Producción', 'Equipos adicionales']",Más en IMDbPro
Makrand Deshpande,1966,[''],"['Reparto', 'Guion y continuidad', 'Guion']",Sin Oscar
Aubrey Peeples,1993,[''],"['Reparto', 'Guion', 'Dirección']",Sin oscar
Lourdes Guillen,No data,"['Stockholm', 'Danger Word', '2013']","['Reparto', 'Cámara y electricidad']",Sin oscar
Fiona Boylan,No data,"['Line of Duty', '2012 • 5 episodios', 'Testigo mudo', '2018 • 2 episodios', 'Paramedic']",['Reparto'],Sin oscar
Stephen Baldwin,1966,[''],"['Reparto', 'Producción', 'Dirección']",Sin Oscar
Archana Sarma,No data,['Sand - The Love Without Trust'],['Reparto'],Sin oscar
Ajiona Alexus,1996,[''],"['Reparto', 'Banda sonora']",Sin oscar
Nodar Dzidziguri,No data,['Khibula'],['Reparto'],Sin oscar
William 'Bill' Connor,No data,[''],"['Reparto', 'Producción', 'Especialistas']",Más en IMDbPro
Raj Raval,No data,"['The Descending', 'Super Mehra Bros']","['Reparto', 'Guion', 'Dirección de producción']",Sin oscar
Courtney Mclaughlin,No data,"['Unlucky', 'Lux in Tenebris', 'Luc-E', 'Flame of Hope']",['Reparto'],Sin oscar
Lakshmi Gopinath,No data,['Mana Manthana'],['Reparto'],Sin oscar
Sarath Babu,1951,[''],['Reparto'],Sin oscar
Thomas Weber,No data,"['Chasing Down Madison Brown', 'Ring the Bell', 'Ruta 666', ""I'd Do Anything""]","['Producción', 'Edición', 'Dirección']",Sin Oscar
Bobur Uldashev,No data,[''],['Reparto'],Más en IMDbPro
Caitlin Smith,No data,"['Rectify', '2013 • 1 episodio', '2009']",['Reparto'],Sin oscar
Daniel Eghan,No data,[''],"['Reparto', 'Sonido', 'Dirección']",Más en IMDbPro
Amy Rene LaFavers,1977,[''],"['Reparto', 'Producción', 'Maquillaje']",Sin oscar
Marcus Vanco,1993,[''],"['Reparto', 'Producción', 'Guion']",Sin oscar
Kane Mahon,No data,[''],"['Reparto', 'Producción', 'Dirección']",Más en IMDbPro
Elizabeth Debicki,1990,[''],"['Reparto', 'Producción']",Nominado para 1 premio Primetime Emmy
Vinod Khedkar,No data,"['Swami Public Ltd.', 'Khopa', 'The hungry', 'Reparto']",['Reparto'],Sin oscar
Nick Carmen,No data,['Black Ruby'],['Reparto'],Sin oscar
Yvette Supraski,No data,['Volcanic Heaven'],['Reparto'],Sin oscar
Lili Simmons,1993,[''],['Reparto'],Sin Oscar
Helen McCrory,1968,[''],"['Reparto', 'Banda sonora']",Sin Oscar
Gyem Dorji,No data,"['Nyen dang dra', 'Guion', 'Reparto', '2010']","['Reparto', 'Guion']",Sin oscar
Alessandro Preziosi,1973,[''],"['Reparto', 'Dirección']",Sin Oscar
Andy McKell,1951,"['Sexual Healing', 'Shopper', 'Man #1(as Andrew McKell)', 'Man in Restaurant']","['Reparto', 'Equipos adicionales']",Sin oscar
Chris Victor,No data,[''],"['Reparto', 'Producción', 'Localización']",Más en IMDbPro
John Livingston,1970,[''],"['Reparto', 'Banda sonora']",Sin oscar
Glen Levy,No data,[''],"['Especialistas', 'Reparto', 'Guion']",Más en IMDbPro
Moria Ellam,No data,['Shepherd'],['Reparto'],Sin oscar
Olivia Hunter,No data,['Hanging in There'],['Reparto'],Sin oscar
Ivan Camilo,No data,"['La jaula', 'Under My Nails', 'Santa Cristal', 'Red Dead Redemption II', '2018']","['Reparto', 'Equipos adicionales']",Sin oscar
Cole Jenkins,No data,[''],"['Reparto', 'Guion', 'Agente de talentos']",Más en IMDbPro
Ghazi Alkinani,No data,['La boda de Ali'],['Reparto'],Sin oscar
Tonto Charity Dikeh,No data,"['Game Fools Play', 'Broken Silence', 'Dora', '2017']","['Reparto', 'Producción']",Sin oscar
Viktoria London,No data,"['Broken Chains', 'Lamb Killer', 'Masons']",['Reparto'],Sin oscar
Mukesh Ahuja,No data,"['Dhoom', 'Ajab Prem Ki Ghazab Kahani', 'Nayak: The Real Hero', 'Hitlist']","['Reparto', 'Producción']",Sin oscar
Achinta Shankar,No data,"['Konwarpurar Konwar', 'Mission China', 'Raamdhenu', 'Pratighaat']","['Reparto', 'Dirección']",Sin oscar
Hee-Ryung Jang,1993,"['Swallow', 'A Stray Goat', 'Byeolttongbyeol', '2022 • 16 episodios', 'Han Doo-Ri']",['Reparto'],Sin oscar
Shipra Kasana,No data,"['Lights! Camera! Murder!', 'Dunno Y3', 'The Wishing Tree']",['Reparto'],Sin oscar
Daljinder Basran,No data,"['Youth Festival', '25 Kille', 'Saavi: A Bonded Bride', 'Ek Anokhi Dulhan - Saavi']","['Reparto', 'Guion', 'Dirección']",Sin oscar
Shirisha Reddy,No data,['H Yarige'],['Reparto'],Sin oscar
Lorenzo Fiuzzi,No data,"['Amusia', 'Noble Earth', 'Un gioco da ragazze', 'The Return']","['Producción', 'Reparto', 'Equipos adicionales']",Sin oscar
Andrea Guasch,1990,[''],['Reparto'],Sin oscar
Georgiy Gongadze,No data,"['Liza, go on', 'Beginning']",['Especialistas'],Sin oscar
Rangayana Raghu,No data,[''],"['Reparto', 'Música', 'Banda sonora']",Más en IMDbPro
Ugo Doris Igwe,No data,"['Crying Freeman', 'Benedicta(as Ugo Doris)', '2020']",['Reparto'],Sin oscar
Christopher Angel Brannan,No data,"['Return to Nihasa', 'Painkiller', 'Dark Secrets', '2013 • 1 episodio', '2012 • 1 episodio']","['Reparto', 'Dirección', 'Guion']",Sin oscar
Antoinette Kalaj,1986,[''],['Reparto'],Sin oscar
Kiran G. Raibagi,No data,['Students'],['Reparto'],Sin oscar
Stephan Bessant,No data,[''],['Reparto'],Más en IMDbPro
Léon Lambers,1979,"['Student for Pay', 'Stalked', '2019 • 3 episodios', 'Newscaster', '2023']",['Reparto'],Sin Oscar
Leonard Cassamas,No data,"['Winter Tales', 'Wendell, Friday Evening', 'Commercial Films']","['Reparto', 'Producción', 'Guion']",Sin oscar
Yuriy Stoyanov,1957,[''],"['Reparto', 'Dirección', 'Guion']",Sin Oscar
Peter Vack,septiembre,[''],"['Reparto', 'Guion', 'Dirección']",Sin Oscar
Kathy Searle,1981,[''],"['Reparto', 'Guion', 'Equipos adicionales']",Sin Oscar
Shruti Sharma,1994,[''],['Reparto'],Sin Oscar
Aramis Knight,1999,[''],"['Reparto', 'Equipos adicionales', 'Especialistas']",Sin Oscar
László Székely-Benczédi,No data,"['Benyovszky, the rebel count', 'Tom the new loverboy', 'My World']",['Reparto'],Sin oscar
Takahiro Satô,No data,"['Henji wa iranai', 'Sakebi', 'Kizuna: Ajiishi no aji', 'Reparto']",['Reparto'],Sin oscar
Keith Kittrelle,No data,['Happiness Is a Luxury'],['Reparto'],Sin oscar
Maurilio Giaffreda,No data,"['César debe morir', 'Figli come noi']",['Reparto'],Sin Oscar
Antonio J Bell,No data,[''],"['Reparto', 'Equipos adicionales']",Más en IMDbPro
Ragini Dwivedi,1990,[''],['Reparto'],Sin Oscar
Mimi Davila,enero,[''],"['Reparto', 'Producción', 'Equipos adicionales']",Sin Oscar
Liam Fennell,No data,"['West of Eden', 'Shortland Street', '2008–2016 • 3 episodios', '2018']","['Reparto', 'Banda sonora']",Más en IMDbPro
Sarah Gain,No data,"['Patterns', '2023 • 1 episodio']",['Reparto'],Sin oscar
Elliott Armstrong,No data,"['Pool Shark', '2016']",['Cámara y electricidad'],Sin oscar
Brian Kocherans,No data,['Romeo & Juliet'],['Reparto'],Sin oscar
Idris Elba,1972,[''],"['Reparto', 'Producción', 'Guion']",Nominado para 5 premios Primetime Emmy
Ricky Cuaca,No data,"['Promise', 'I Love You from 38000 Feet', 'Sara & Fei: Stadhuis Schandaal', '5,9']",['Reparto'],Sin oscar
Rahul Rai,No data,[''],"['Reparto', 'Música', 'Producción']",Más en IMDbPro
Udo Kier,octubre,[''],"['Reparto', 'Guion', 'Producción']",Sin Oscar
Daniel M Hill,No data,"['Beth + Jeremy and Steve', 'Randolph Carter(as Daniel Hill)', 'Bhule(as Daniel Hill)', 'Corto']","['Dirección', 'Guion', 'Reparto']",Más en IMDbPro
Sadanand Borkar,No data,['Tatva'],['Reparto'],Sin oscar
Joshua Jenks,1985,"['The Amazing Spider-Man 2: El poder de Electro', 'Sweet Girl', 'Sin movimientos bruscos', 'Fences']","['Localización', 'Equipos adicionales', 'Cámara y electricidad']",Sin oscar
Karina Duarte,No data,['Perras de barrio 2'],['Reparto'],Sin oscar
Kieran Kondel,No data,"['If Cain Were Able', '5,1', 'A Short Guide to Re-Entry', '2016']",['Reparto'],Sin oscar
Lauren Taler,No data,[''],"['Reparto', 'Dirección de arte', 'Maquillaje']",Más en IMDbPro
Phuong Khanh,No data,[''],"['Guion', 'Dirección', 'Producción']",Más en IMDbPro
Ofelia Popii,No data,[''],['Reparto'],Más en IMDbPro
Richard Gere,1949,[''],"['Reparto', 'Producción', 'Música']",Nominado para 1 premio Primetime Emmy
Tom Downing,No data,[''],"['Reparto', 'Producción', 'Guion']",Más en IMDbPro
Rachel Peer,No data,['At the Foot of the Rainbow'],['Reparto'],Sin oscar
Anton Lesser,1952,[''],['Reparto'],Nominado a 1 premio BAFTA
Biuk Mirzaei,1955,"['Eblis', '3,8', '6,1', 'Serie de TV']",['Reparto'],Sin oscar
Song Eun-ji,1990,"['Aetaneun Romaenseu', '2017 • 13 episodios', 'Flight Stewardess Helping Hoo Joon', 'Serie de TV', '6,0']","['Reparto', 'Banda sonora']",Sin oscar
Rituparna Sengupta,1970,[''],"['Reparto', 'Producción', 'Música']",Sin Oscar
Alison Rodríguez,No data,"['Riley Parra', '2017 • 4 episodios', 'Producción', 'Equipos adicionales', 'Serie de TV']","['Producción', 'Equipos adicionales']",Sin oscar
Anna Kendrick,1985,[''],"['Reparto', 'Producción', 'Dirección']",Nominado para 1 premio Óscar
Vladimir Toropov,No data,No data,No data,Sin oscar
Catherine Curtin,marzo,[''],"['Reparto', 'Producción']",Sin Oscar
Priyanka Pandit,No data,"['Jab Pyar Kiya To Darna Kya', '9,5', 'Heroin']",['Reparto'],Sin oscar
Chris Johnson,1977,[''],"['Reparto', 'Producción', 'Equipo ejecutivo']",Sin oscar
Carlos Aviles,1980,[''],"['Reparto', 'Guion', 'Producción']",Sin oscar
Natalya Ionova,1986,[''],"['Reparto', 'Banda sonora']",Sin Oscar
Courtney Enea,1988,[''],"['Reparto', 'Producción', 'Dirección']",Sin Oscar
Paul Scheer,enero,[''],"['Reparto', 'Guion', 'Dirección']",Sin Oscar
Bill Suplee,1943,[''],['Reparto'],Sin Oscar
Frank Collison,1950,[''],"['Reparto', 'Sonido']",Sin Oscar
Nicholas Carella,1980,[''],"['Reparto', 'Producción', 'Guion']",Sin Oscar
Bérénice Marlohe,1979,[''],['Reparto'],Sin Oscar
Abhinaya Srii,No data,"['Soundarya Nilaya', '7,2']",['Reparto'],Sin oscar
Judith Georgi,No data,[''],"['Reparto', 'Producción']",Más en IMDbPro
Olivia Coronel,No data,[''],['Reparto'],Más en IMDbPro
Richard Southgate,1990,[''],"['Reparto', 'Efectos visuales']",Sin Oscar
Anthony Avila,No data,"['Fighting Chance', 'Doctora Juguetes', '2016 • 1 episodio']",['Reparto'],Sin oscar
Victor Olaotan,1952,"['Voiceless Scream', 'Mr. Peterson', 'Manny', '2016']",['Reparto'],Sin oscar
Vidyadhar Joshi,No data,[''],['Reparto'],Más en IMDbPro
Gregory Mikell,1966,[''],"['Reparto', 'Dirección', 'Guion']",Sin oscar
Ruth Emeterio,No data,"['Juanita', 'Azul Magia', 'Candela', 'En medio del dolor']",['Reparto'],Sin Oscar
John D. Harris Jr.,1898,[''],"['Reparto', 'Banda sonora']",Sin oscar
CJ Brady,No data,[''],"['Reparto', 'Guion', 'Arte']",Sin Oscar
Athena Talin Katalaris,No data,"['Loco de amor', 'Nursery Rhyme', 'El maestro del brindis', '¡Vaya vecinos!', '2013 • 1 episodio']",['Reparto'],Sin oscar
Vicky Stavraka,No data,"['Heimoniatiki nostalgia', 'Reparto', 'Employee', '2015']","['Reparto', 'Vestuario']",Sin oscar
Margarida da Costa Levy,No data,"['Laços de Sangue', '2011 • 115 episodios', 'Destinos Cruzados', '2013 • 1 episodio', '2013']",['Reparto'],Sin oscar
John Arcene,1947,"['Querido detective', '1996–1997 • 2 episodios', 'Banda sonora(""St. John\'s Eve"", sin acreditar, ""Walking With The Spirit"")', 'Self']","['Reparto', 'Banda sonora']",Sin oscar
Seetha Kote,No data,"['Chowka Bara', 'Anjaniputra', 'Pattanaje', '6,3']",['Reparto'],Sin oscar
Kim Matula,1988,[''],"['Reparto', 'Producción']",Sin Oscar
Shamal Zahir,No data,"['De drabbade', '2003 • 1 episodio', 'Linas kvällsbok', 'Orka! Orka!', '2004 • 1 episodio']",['Reparto'],Sin oscar
Andrija Danicic,1987,"['Panama', 'Sesir profesora Koste Vujica', 'Idealan posao', 'Teorija zavere']",['Reparto'],Sin oscar
Patricia Holt,1944,[''],"['Reparto', 'Música', 'Composición']",Nominado para 2 premios Primetime Emmy
Fico Fachriza,No data,"['Jagoan Instan', 'DOA (Doyok-Otoy-Ali Oncom): Cari Jodoh', 'Ada Cinta Di SMA', 'Comic 8: Casino Kings Part 1']","['Reparto', 'Guion']",Sin oscar
Alejandro Edda,1984,[''],"['Reparto', 'Producción', 'Guion']",Sin oscar
Dylan Alvarado,No data,[''],['Reparto'],Sin oscar
Paul Meltzer,No data,[''],['Reparto'],Más en IMDbPro
Sana Rostom,No data,"['Hams Al-Maâ', 'Min Ayna Nabda?']",['Reparto'],Sin oscar
Namita Chakraborty,No data,['Bandhu Tomar'],['Reparto'],Sin oscar
Sunder Rai Mandara,No data,"['Pattanaje', '7,1']",['Reparto'],Sin oscar
Eiza González,1990,[''],"['Reparto', 'Banda sonora', 'Música']",Sin Oscar
Desmond Elliot,No data,"['In the Cupboard', '5,9', 'Dirección', '2018']","['Reparto', 'Dirección', 'Producción']",Sin Oscar
Anne Archer,1947,[''],"['Reparto', 'Producción', 'Guion']",Nominado para 1 premio Óscar
Chalet Lizette Brannan,No data,[''],"['Reparto', 'Producción', 'Equipo ejecutivo']",Más en IMDbPro
Adiz Rajabov,No data,[''],['Reparto'],Más en IMDbPro
Justin McCammom,No data,No data,No data,Sin oscar
Mamie Meek,1957,[''],['Reparto'],Sin oscar
Dorota Anyz,No data,['Wyklety'],"['Reparto', 'Vestuario']",Sin oscar
Carlos Fortin,No data,"['Rise of the Demon Lung', '8,3', 'Hemlock Grove', '2015 • 1 episodio', 'Soldier #1']","['Reparto', 'Producción']",Sin oscar
Cüneyt Yalaz,1966,"['Çukur', '2017–2019 • 4 episodios', '2017', '2009', '2019']",['Reparto'],Sin Oscar
Eugene Clark,1951,[''],['Reparto'],Sin Oscar
Juliette Binoche,1964,[''],"['Reparto', 'Arte', 'Equipos adicionales']",Ganó 1 premio Óscar
Christina Brucato,enero,[''],"['Reparto', 'Producción', 'Guion']",Sin Oscar
Daniel Frikstad,No data,"['El muñeco de nieve', 'El duodécimo hombre', 'El mar del Norte', 'Krigsseileren']","['Reparto', 'Equipos adicionales']",Sin oscar
Shashi Kumar,No data,"['Ek Love Ya', 'Lock', 'Reparto']",['Reparto'],Sin oscar
Erick Montes,No data,['Can You Bring It: Bill T. Jones and D-Man in the Waters'],No data,Sin oscar
Samantha Spiro,1968,[''],['Reparto'],Sin Oscar
Eduardo Gadea Pérez,1931,"['Niña mimada', '1998 • 99 episodios', '1985 • 30 episodios', '1989 • 18 episodios', '1967 • 60 episodios']","['Reparto', 'Guion', 'Producción']",Sin oscar
Zoey Deutch,1994,[''],"['Reparto', 'Producción', 'Banda sonora']",Sin Oscar
Robert C. Kirk,No data,[''],"['Reparto', 'Producción']",Más en IMDbPro
Akshay Kulkarni,No data,['Baipan Bhari Deva'],['Reparto'],Sin oscar
Steve Freeman,No data,"['Austin y Ally', '2012–2016 • 34 episodios', 'Guion', 'Serie de TV', '7,1']","['Guion', 'Producción', 'Equipos adicionales']",Sin oscar
Radovan Klucka,1984,"['Pres prsty', 'Roots in Ego', '5,1', '7,2']",['Reparto'],Sin oscar
Christian Slater,1969,[''],"['Reparto', 'Producción', 'Dirección']",Sin Oscar
Mahantesh Ramdurga,No data,"['Baragala', '6,3', '7,3', 'Reparto']","['Reparto', 'Guion', 'Dirección']",Sin oscar
Jhoanna Herrera,No data,"['The Stuff', 'Tú y Yo en Queens', '6,3', 'Andrea']",['Reparto'],Sin oscar
Linds Edwards,No data,[''],"['Reparto', 'Guion', 'Producción']",Sin oscar
Emily Kuroda,1952,[''],"['Reparto', 'Sonido', 'Equipos adicionales']",Sin oscar
Travis Booth-Millard,No data,No data,No data,Sin oscar
Jakob Dale,No data,['These Streets'],['Transporte'],Sin oscar
Jialun Song,No data,"['Mi yue zhuan', '2015–2016 • 49 episodios', 'Luo Han', 'Serie de TV', '7,6']",['Reparto'],Sin Oscar
Colin Adrian,No data,"['The Nevers', '2023 • 2 episodios', '5,5', 'Corto']",['Reparto'],Sin oscar
Adrian Scarborough,1968,[''],"['Reparto', 'Banda sonora']",Sin Oscar
Angelica Mercado,No data,"['Z', '2017', '2017', '2017 • 1 episodio']","['Reparto', 'Casting']",Sin oscar
Cindy Pickett,1947,[''],"['Reparto', 'Banda sonora']",Sin Oscar
Manfredi Fiuzzi,No data,['Noble Earth'],['Reparto'],Sin oscar
Tara E. Miller,No data,"[""Return to Nuke 'Em High Volume 1"", ""Return to Return to Nuke 'Em High Aka Vol. 2"", 'Cool as Hell', 'Blessed Are the Poor']",['Reparto'],Sin oscar
Douglas Hodge,1960,[''],"['Reparto', 'Dirección', 'Guion']",Sin Oscar
Amy Northup,No data,"['Off Season', 'Ambrosia', '6,0', '8,2']","['Intimacy Coordinator', 'Reparto', 'Dirección']",Más en IMDbPro
Arun Nalawade,No data,[''],"['Reparto', 'Dirección', 'Producción']",Más en IMDbPro
Hyun-Sung Moon,2006,"['Alquimia de Almas', '2022 • 7 episodios', 'Young Lee Jang-hyeon', 'Serie de TV', '8,4']",['Reparto'],Sin oscar
Norvell Ji'Floyd,No data,"['Conspiracy', 'Guion', 'Young Willie Gar(as Norvell Floyd Jr.)', 'Serie de TV']","['Guion', 'Reparto', 'Dirección']",Sin oscar
Jonas Karlsson,1971,[''],"['Reparto', 'Guion', 'Música']",Sin Oscar
Kyle Van Vonderen,No data,[''],"['Edición', 'Cámara y electricidad', 'Reparto']",Más en IMDbPro
Stefan Shterev,No data,"['Asylum: El experimento', 'Caza humana', 'The Code', 'Hércules: El origen de la leyenda']",['Reparto'],Sin oscar
Bradford James Jackson,No data,[''],"['Reparto', 'Producción', 'Guion']",Más en IMDbPro
A.J. Bailey,No data,['Human Lie Detector'],['Reparto'],Sin oscar
Sunny Khatri,No data,"['Veer Potlavalo', 'Reparto', '2017']",['Reparto'],Sin oscar
Halina Reijn,1975,[''],"['Reparto', 'Guion', 'Producción']",Sin Oscar
Jonathan Bennett,1981,[''],"['Reparto', 'Producción', 'Dirección']",Sin Oscar
Fabiana Perzabal,No data,"['Rito terminal', 'Crónica de un desayuno', 'Amor en custodia', '2005 • 26 episodios', 'Auntie']","['Reparto', 'Producción']",Sin Oscar
Michael Frieman,No data,"['Beautiful Garden', 'Like the Penguins']","['Reparto', 'Composición']",Sin oscar
Raj Sampat Shah,No data,['Come on Baka'],['Reparto'],Sin oscar
Victoria Army,No data,"['A Love That Hurts', 'Happy Holiday', 'Why Do Men Cheat? The Movie', 'New Money']","['Reparto', 'Vestuario']",Sin oscar
Daniel Martinho,1962,[''],['Reparto'],Sin Oscar
Lily Makin,No data,"['Happy Birthday, Toby Simpson']",['Reparto'],Sin oscar
Imed Oueslati,No data,['Rezk El-Bey Lik'],['Reparto'],Sin oscar
Jonathan Raggett,1992,[''],['Reparto'],Sin Oscar
Nicole Zylstra,No data,"['Breakdown Lane', 'Hug-O-Gram', '2015 • 3 episodios', 'Midwife', 'Serie de TV']",['Reparto'],Sin oscar
Adam Kroloff,1968,"['Adventureland', 'Imparable', 'Redención', 'Gente inteligente']","['Sonido', 'Reparto', 'Efectos especiales']",Sin oscar
Michka Hawkins,No data,['The Grinn'],['Reparto'],Sin oscar
Jyoti Bavdhankar,No data,['Undga'],['Reparto'],Sin oscar
Mary Hardegree,No data,['This Is You'],['Reparto'],Sin oscar
Jordan Rheanne Murphy,1996,"['Fighting Sleep', 'Cheerleader(as Jordan Murphy)', '2017']",['Reparto'],Sin oscar
Olushola Oshineye,No data,"['Beyond Natural Eye', ""Anthony's friend 3"", '2018']",['Reparto'],Sin oscar
Michaela Talwar,1988,"['Gully Boy', 'Intellectual Masturbation', 'Ek Vedda aur ek Champa ka Ped', 'Edición']","['Reparto', 'Edición', 'Producción']",Sin oscar
Hovik Keuchkerian,1972,[''],['Reparto'],Sin Oscar
Tammie Bergholdt,No data,"['Alone in the Dead of Night', 'Get Close', '6,9', 'Borderline', '2015 • 1 episodio']","['Reparto', 'Producción']",Sin oscar
Am Lhamo,No data,"['Kushuthara: Pattern of Love', ""Cooper's Mountain""]",['Reparto'],Sin oscar
Neno Warisman,No data,"['Dalam Mihrab Cinta', 'Semua sayang kamu', '7,1', '8,2']",['Reparto'],Sin oscar
Antonina Divina,No data,"['Kapitan Gollivud', 'Na drugom beregu', 'Vera', 'Masha']",['Reparto'],Sin oscar
Nima Shahrokh Shahi,No data,"['Mercurochrome', 'Parkway', 'Deportees 3', 'Esniff']","['Reparto', 'Dirección', 'Guion']",Más en IMDbPro
Sam Claflin,1986,[''],"['Reparto', 'Producción']",Sin Oscar
Aakash,1983,"['Gangs of Wasseypur', 'PK', 'Highway', 'Dev.D']","['Reparto', 'Casting', 'Equipos adicionales']",Sin oscar
Rizky Nazar,No data,"[""Mekah I'm Coming"", '2014', 'Serigala Terakhir', '2020', '2021']","['Reparto', 'Banda sonora']",Sin Oscar
Timothy Brennen,No data,[''],"['Reparto', 'Producción', 'Guion']",Más en IMDbPro
Kate Froehlich,No data,[''],"['Reparto', 'Producción']",Más en IMDbPro
Mico Nagaraj,No data,"['Mandya to Mumbai', '5,3', '7,1', '6,8']","['Reparto', 'Producción']",Sin oscar
Martelle Hammer,No data,[''],['Reparto'],Más en IMDbPro
Irina Gorovaia,1989,[''],"['Reparto', 'Producción', 'Dirección']",Sin Oscar
Rachitha Rahuth,No data,['Nammoor Haiklu'],['Reparto'],Sin oscar
Rose Cordova,No data,[''],['Reparto'],Más en IMDbPro
Ana Escobedo,No data,['Verónica'],['Reparto'],Sin oscar
Kalu Ikeagwu,No data,[''],['Reparto'],Sin Oscar
Matthew Miniero,No data,[''],['Reparto'],Más en IMDbPro
Kevin Richardson,1964,[''],"['Reparto', 'Música', 'Equipos adicionales']",Nominado para 1 premio Primetime Emmy
Carlos Serrano,1989,"['Toledo', '2012 • 12 episodios', 'José', 'Border Bar Tender', 'Serie de TV']",['Reparto'],Sin oscar
Toni Charline,No data,"['The Birthday Boys', '2013 • 1 episodio', '2017', 'Pam', 'Serie de TV']",['Reparto'],Más en IMDbPro
Jonathan Breck,1965,[''],"['Reparto', 'Producción']",Sin Oscar
Alexander von Roon,No data,"['Misión: Imposible 3', 'La conspiración de noviembre', 'El espía que me plantó', 'Otoño en Nueva York']","['Producción', 'Reparto', 'Equipos adicionales']",Más en IMDbPro
Ryan Gosling,1980,[''],"['Reparto', 'Producción', 'Dirección']",Nominado para 2 premios Óscar
Artie Pasquale,No data,[''],"['Reparto', 'Producción']",Más en IMDbPro
Anjali,agosto,[''],"['Reparto', 'Producción', 'Especialistas']",Sin Oscar
Eliza Roberts,No data,[''],"['Reparto', 'Dirección de casting', 'Producción']",Más en IMDbPro
Joe Grisaffi,1968,"['Laughing Boy', 'Lars the Emo Kid', 'Conjoined', 'Joe Returns a Video', '2019']","['Reparto', 'Casting', 'Producción']",Sin Oscar
Joseph Gatt,diciembre,[''],"['Reparto', 'Equipos adicionales', 'Dirección de fotografía y cámara']",Sin Oscar
Mehran Ghafoorian,1974,"['The Blue Nissan', '2021 • 1 episodio', 'Dr. Behrooz Eshghi', 'Serie de TV', 'Serie de TV']","['Reparto', 'Dirección', 'Producción']",Sin Oscar
Vijay Venkat,No data,['Sneha Chakra'],['Reparto'],Sin oscar
Bhavana Rao,No data,"['Gaalipata', 'Bahuparaak', 'Tiger Galli', 'Madhanam']",['Reparto'],Sin Oscar
Star Davis,No data,"['Skinned', 'CopAholic', 'Twisted Mines', '2016 • 3 episodios', '2010']",['Reparto'],Sin oscar
Nate Bennett,No data,['The Third Saturday in October Part V'],['Reparto'],Más en IMDbPro
Pratibha Amrutey,No data,"['Vazir', 'Befikar Besahare', '8,3']",['Reparto'],Sin oscar
Lindsay Lamb,No data,[''],"['Reparto', 'Especialistas', 'Producción']",Más en IMDbPro
Darbha Appaji Ambarisha,1964,[''],['Reparto'],Sin oscar
Satish Kumar .R.,No data,['Mooka Hakki'],['Reparto'],Sin oscar
Amin Joseph,abril,[''],"['Reparto', 'Dirección', 'Producción']",Sin Oscar
John Lynch,1961,[''],"['Reparto', 'Guion', 'Dirección de la segunda unidad o asistencia a dirección']",Nominado a 1 premio BAFTA
Tia Carrere,enero,[''],"['Reparto', 'Banda sonora', 'Producción']",Sin Oscar
Derek Jacobsen,No data,"['Dead Season', 'I Was a Teenage Superhero Sidekick', 'The Cheaters Club', 'Killjoy Goes to Hell']","['Reparto', 'Especialistas']",Sin oscar
Stefanie Scott,1996,[''],"['Reparto', 'Producción', 'Banda sonora']",Sin Oscar
Jason Iannacone,No data,"['Sin frenos', 'Manhattan sin salida', 'El sueño de Ellis', 'Red Pill']","['Especialistas', 'Reparto', 'Producción']",Más en IMDbPro
Samantha Soule,1980,[''],"['Reparto', 'Dirección', 'Guion']",Sin Oscar
Jessica Brown Findlay,1989,[''],"['Reparto', 'Banda sonora']",Sin Oscar
Carlos Saldanha,1965,[''],"['Dirección', 'Producción', 'Guion']",Nominado para 2 premios Óscar
Yorick van Wageningen,1964,[''],"['Reparto', 'Guion']",Sin Oscar
Aliki Pappas,No data,"['Capgras', 'Baggage', 'Travis Tucker: It Can Wait']",['Reparto'],Sin oscar
Kim Vruggink,No data,[''],"['Reparto', 'Dirección', 'Producción']",Más en IMDbPro
Valerie Ford,No data,"['Suffering in Silence', '2012']",['Reparto'],Sin oscar
Donncha Crowley,No data,"['El rey Arturo', 'Un horizonte muy lejano', 'El Caballero Verde', 'Gretel & Hansel. Un oscuro cuento de hadas']",['Reparto'],Más en IMDbPro
Randy Burage Booya,No data,['After Love'],['Reparto'],Sin oscar
Rhoda Dakar,1959,"['Gatwick Gangsters', 'The Liberty of Norton Folgate', 'Goodnight London', '8,8']",['Reparto'],Sin oscar
Socorro Santiago,1951,[''],"['Reparto', 'Equipos adicionales']",Sin Oscar
Matthew Modine,1959,[''],"['Reparto', 'Producción', 'Dirección']",Nominado para 1 premio Primetime Emmy
Connor Falk,No data,[''],['Reparto'],Más en IMDbPro
Sergio Bustamante,1934,[''],['Reparto'],Sin Oscar
Ricky Blondin,No data,"['Honor to Victory', 'Willow Creek', 'Ils jouaient à la guerre', 'Des humains bien tranquilles']","['Reparto', 'Guion', 'Maquillaje']",Sin oscar
Donatella Finocchiaro,1970,[''],"['Reparto', 'Dirección', 'Guion']",Sin Oscar
Eligio Meléndez,1950,"['Sueño en otro idioma', 'Nuevo orden', 'En el país de no pasa nada', 'Hidalgo. La historia jamás contada']",['Reparto'],Sin Oscar
Ego Nwosu,No data,"['Volcano', 'Dysfunction', 'Maia', 'Kaima']","['Reparto', 'Producción']",Sin oscar
Phylicia Goings,No data,"['The Gift', '2019', 'Just Us Guys', '2013 • 1 episodio']","['Reparto', 'Guion', 'Guion y continuidad']",Sin oscar
Shahe Assilian,No data,"['Cerebral Print: The Secret Files', 'Radical', 'Sister of Cerebral Print', '2004', '2003']",['Reparto'],Sin oscar
Chris Binum,No data,"['Apart', ""In a Madman's World""]",['Reparto'],Sin oscar
Haruka Abe,enero,[''],"['Reparto', 'Equipos adicionales', 'Guion']",Sin Oscar
Parker Juels,No data,"['My Amish World', 'My Name Is Sam']",['Reparto'],Sin oscar
Michiel Huisman,1981,[''],"['Reparto', 'Banda sonora']",Sin Oscar
Ty Gibson,No data,"['Alone Time', 'Efectos visuales(DNEG)', 'Efectos visuales(DNEG)', 'Corto']","['Edición', 'Efectos visuales', 'Equipos adicionales']",Sin oscar
Carlos Cano,No data,"['La valla', '2020 • 10 episodios', 'Localización(Madrid)', 'Serie de TV', '7,2']","['Localización', 'Equipos adicionales']",Sin oscar
Nik Xhelilaj,1983,[''],['Reparto'],Sin Oscar
Jason Douglas,febrero,[''],['Reparto'],Sin Oscar
Ellie Harvie,1965,[''],"['Reparto', 'Guion', 'Dirección']",Sin Oscar
Lily Sullivan,1993,[''],['Reparto'],Sin Oscar
Sumanth Shailendra,No data,[''],['Reparto'],Sin Oscar
Asa Butterfield,1997,[''],['Reparto'],Sin Oscar
Sami Lati,No data,['Never Here'],['Reparto'],Sin oscar
Lac Hoang Long,No data,"['Ke Trôm Chó', '4,2']",['Reparto'],Sin oscar
Tip 'T.I.' Harris,1980,[''],"['Music Artist', 'Reparto', 'Composición']",Sin Oscar
Cheryl Ladd,1951,[''],"['Reparto', 'Guion', 'Música']",Sin Oscar
Lady Colin Campbell,1949,[''],['Reparto'],Sin oscar
Gertrud Stammheim,No data,"[""Ulrike's Brain""]",['Reparto'],Sin Oscar
Reyna de Courcy,No data,[''],"['Reparto', 'Equipos adicionales']",Sin oscar
Thomas Francis Murphy,1953,[''],['Reparto'],Sin oscar
Eric Word,No data,[''],"['Reparto', 'Equipos adicionales', 'Dirección']",Más en IMDbPro
M. Manon,No data,['Snow Class: Rendez-vous in the Alps'],No data,Sin oscar
Angelena Kyles,No data,['The Rhythm in Blue'],['Reparto'],Sin oscar
Benjamin Mathes,1979,[''],"['Reparto', 'Producción', 'Equipos adicionales']",Sin oscar
Carlota Joaquina,No data,"['3%', '2016–2018 • 4 episodios', 'Beth', 'Serie de TV', 'Carlota']",['Reparto'],Sin oscar
Andre Royo,1968,[''],"['Reparto', 'Producción', 'Guion']",Sin Oscar
Hal Cosec,No data,"['Shadrach', 'Curtain', 'Zygote', 'Shit Show']","['Reparto', 'Equipos adicionales', 'Equipo ejecutivo']",Sin oscar
Pamela Athens,No data,"['Outlawed Faith', '2016', '2016', '2017', '2016']","['Reparto', 'Equipos adicionales', 'Producción']",Sin oscar
Akmal V. Kote,No data,['Nammurali'],['Reparto'],Sin oscar
Holliday Grainger,1988,[''],['Reparto'],Sin Oscar
Karin Konoval,1961,[''],['Reparto'],Sin Oscar
Isaiah Alexander,1993,"['El viaje más largo', 'Children of the Hunt', 'Family Property Backwoods Killing Spree', 'The Legend of Granny Brown']","['Reparto', 'Guion', 'Equipos adicionales']",Sin oscar
Debra Wilson,1962,[''],"['Reparto', 'Equipos adicionales', 'Guion']",Sin Oscar
Michael Bisping,1979,[''],"['Reparto', 'Producción', 'Dirección']",Sin oscar
Karin Franz Körlof,1986,[''],"['Reparto', 'Guion', 'Dirección']",Sin Oscar
Mahmoud Heidari,No data,"['Eternal sleep', '6,4', 'All Winners, All Losers', '2019']","['Reparto', 'Dirección de fotografía y cámara', 'Cámara y electricidad']",Sin oscar
Hannah Vanderheide,No data,[''],"['Reparto', 'Guion', 'Decoración']",Más en IMDbPro
Abbie Mason,No data,"['Kill or Be Killed', 'Beneath the Skin']",['Reparto'],Sin oscar
Peggy Lipton,1946,[''],"['Reparto', 'Banda sonora']",Nominado para 4 premios Primetime Emmy
Donny Alamsyah,1978,[''],"['Reparto', 'Dirección']",Sin Oscar
Keith Jardine,1975,[''],"['Reparto', 'Especialistas', 'Guion']",Sin Oscar
Paulo Pires,1967,[''],['Reparto'],Sin Oscar
Ashley Dougherty,No data,[''],['Reparto'],Más en IMDbPro
Pablo Castro,1981,"['El alquiler', '2017', '2012', '2006', '2010']","['Producción', 'Dirección de la segunda unidad o asistencia a dirección', 'Dirección']",Sin Oscar
T.J. Hoban,1978,[''],"['Reparto', 'Guion', 'Edición']",Sin oscar
Riya Gavli,No data,['Ghat'],['Reparto'],Sin oscar
Nancy Vazquez,No data,"['The Right to Live', 'Moth', 'The Streetz 2', '7,7']","['Reparto', 'Guion', 'Producción']",Sin oscar
Jerome Flynn,1963,[''],"['Reparto', 'Producción', 'Banda sonora']",Nominado a 1 premio BAFTA
Lissi Brook,No data,['Funny Cow'],['Reparto'],Sin oscar
Shille Manjunath,No data,"['Ugramm', 'Bombaat', 'Krishnan Love Story', 'Chingari']",['Reparto'],Sin oscar
Burgess Jenkins,1973,[''],"['Reparto', 'Dirección', 'Producción']",Sin Oscar
Micah Bailey,No data,"['Empty Paradise', 'Leo', 'Corto', 'Serie de TV']","['Reparto', 'Producción', 'Guion']",Más en IMDbPro
Jaspinder Cheema,No data,[''],['Reparto'],Más en IMDbPro
Jim Newman,1964,[''],"['Reparto', 'Banda sonora']",Sin Oscar
Dominik Bak,1977,"['Wataha', '2020 • 1 episodio', 'Man on the flood embankments in Kety', 'Younger Policeman', 'Serie de TV']",['Reparto'],Sin oscar
Kyle Chandler,1965,[''],"['Reparto', 'Producción', 'Dirección']",Ganó 1 premio Primetime Emmy
Júlia Rabello,1981,"['Rock Story', '2016–2017 • 149 episodios', '2014', '2022', 'Suzete']",['Reparto'],Sin oscar
Tiffany Espensen,1999,[''],['Reparto'],Sin oscar
Virat,1988,[''],['Reparto'],Sin Oscar
Sabri Abdulmonem,No data,"['El-Dilar', 'Abdu Mouta', ""Fasel wa Na'ood"", 'El-Gasusah Hikmat Fahmi']",['Reparto'],Sin oscar
Akanksha,No data,[''],['Reparto'],Más en IMDbPro
Se Oh,1977,[''],['Reparto'],Sin Oscar
Jodi Sta. Maria,1982,[''],"['Reparto', 'Producción', 'Equipos adicionales']",Sin Oscar
Michael Barra,enero,[''],"['Reparto', 'Dirección', 'Guion']",Sin oscar
Todrick Hall,1985,[''],"['Reparto', 'Dirección', 'Producción']",Sin Oscar
Zi-Yuan Ji,No data,['Mobile Phone Control'],['Reparto'],Sin oscar
Ingrid Seward,No data,"['The Palace', '2008 • 1 episodio', 'Prince Harry: Joker in the Pack', 'Wallis & Meghan: American Duchesses']",['Equipos adicionales'],Más en IMDbPro
Rosario Dawson,1979,[''],"['Reparto', 'Producción', 'Dirección']",Sin Oscar
Jacinto Taras Riddick,agosto,[''],"['Reparto', 'Dirección', 'Guion']",Sin oscar
Steph Langnas,No data,[''],['Reparto'],Más en IMDbPro
Luis Antonio Gotti,No data,"['Quantum of Solace', 'El sastre de Panamá', 'Escobar: Paraíso perdido', 'Kimura']",['Reparto'],Sin oscar
Michael Marks,No data,"['Hotel', '1985–1986 • 26 episodios', 'Guion', 'Serie de TV', '6,5']","['Guion', 'Producción', 'Guion y continuidad']",Sin oscar
Kenneth Branagh,1960,[''],"['Reparto', 'Producción', 'Dirección']",Ganó 1 premio Óscar
Daniela Tocari,1990,[''],['Reparto'],Sin oscar
Kelly Bellini,No data,[''],"['Especialistas', 'Reparto']",Más en IMDbPro
Jon McLaren,octubre,[''],"['Reparto', 'Producción']",Nominado a 1 premio BAFTA
Kevin Keppy,No data,[''],"['Reparto', 'Producción', 'Dirección de producción']",Más en IMDbPro
David Ross Paterson,No data,"['El curioso caso de Benjamin Button', 'The Red Machine', 'Chopper', 'El desafío - Frost contra Nixon']","['Reparto', 'Producción', 'Dirección']",Sin Oscar
Kate Vernon,1961,[''],['Reparto'],Sin Oscar
Caleb McDaniel,1998,"['Bushwick Beats', 'This Side of Town: Chronicles of Omar', 'Young Punk', 'Chauncey']",['Reparto'],Sin oscar
Cristina Rosato,enero,[''],"['Reparto', 'Equipos adicionales', 'Dirección']",Sin oscar
Harshad Kumar,No data,"['Jawan', 'Raees', 'Airlift', 'Mai', '2022 • 5 episodios']","['Reparto', 'Guion y continuidad']",Más en IMDbPro
Chris Alba,No data,"['Beverly Hood', 'Fish in a Barrel']","['Dirección de la segunda unidad o asistencia a dirección', 'Dirección de producción', 'Reparto']",Sin oscar
Geir Vegar Hoel,1973,[''],"['Reparto', 'Dirección', 'Guion']",Sin Oscar
Iddo Goldberg,1975,[''],"['Reparto', 'Producción', 'Dirección']",Sin oscar
Peter Gallagher,1955,[''],"['Reparto', 'Guion', 'Banda sonora']",Sin Oscar
Ariana Claussell,No data,"['The Violent States of America', 'Frame of Reference', 'Grave of Affection']",['Reparto'],Sin oscar
Dnaisha Coleman,No data,"['The Right to Live', 'Latin Assassins']",['Reparto'],Sin oscar
Elizabeth Bowe,No data,[''],"['Reparto', 'Banda sonora']",Más en IMDbPro
Moubarak Alrayyashi,No data,['American Sharia'],['Reparto'],Sin oscar
Kieran Foster,No data,"['West of Eden', 'The Brokenwood Mysteries', '2018 • 1 episodio', 'Awatea ParataDetective Lance Haig', 'Haki']",['Reparto'],Sin oscar
Sari Lennick,1975,[''],['Reparto'],Sin Oscar
Solomon Gibson III,No data,"['Matar a Kennedy', '2013', '2016', '2017', 'Samir']",['Reparto'],Más en IMDbPro
Sarah Beck Mather,No data,"['Charismata', 'Dark Souls II', '2014', 'Restaurant Mother', 'Press Woman']",['Reparto'],Más en IMDbPro
Monyque Thompson Scott,No data,"['Call Me King', 'Champion Road', '2008', 'Champion Road: Arena']","['Reparto', 'Producción', 'Dirección']",Sin oscar
Tamara Duarte,1991,[''],"['Reparto', 'Producción']",Sin Oscar
Guillermo Pfening,1978,[''],"['Reparto', 'Guion', 'Dirección']",Sin Oscar
Sloane Warren,junio,[''],"['Reparto', 'Producción', 'Guion']",Sin oscar
Lewis Castillo,No data,"['A 47 metros 2: el terror emerge', 'Cuentas Por Cobrar', 'Dos Compadres y una Yola', 'Biodegradable']","['Reparto', 'Producción', 'Arte']",Sin oscar
Orson Nava,No data,"['The Illiterate', 'Rearview', 'The Photographer', 'Everyday Borders']","['Dirección', 'Reparto', 'Guion']",Sin oscar
Devin Drain,No data,"[""It's Complicated"", '2016–2018 • 10 episodios', 'Limited Edition', 'Following']",['Reparto'],Sin oscar
Suzy Nakamura,1973,[''],"['Reparto', 'Producción']",Sin oscar
Mitul Lankapati,No data,"['Joothanu?', 'PAPPU', '2017']","['Reparto', 'Dirección de casting', 'Localización']",Sin oscar
David Cade,No data,[''],"['Reparto', 'Producción', 'Guion']",Más en IMDbPro
Jerry-Mac Johnston,1946,"['Roberto and the Robot', '2009', '6,7', 'David Williams']","['Reparto', 'Equipos adicionales']",Sin oscar
Neal Ward,No data,[''],"['Reparto', 'Producción']",Más en IMDbPro
Shane Edelman,No data,[''],"['Reparto', 'Equipos adicionales', 'Dirección']",Más en IMDbPro
Masahiro Uchiyama,No data,['Kinbaku: Tsuki no Shô'],['Reparto'],Sin oscar
Edward Baker-Duly,1977,[''],['Reparto'],Sin oscar
Ettore Belmondo,No data,"['There will be time', 'Italian Gelato', 'Caravaggio and My Mother the Pope', 'Nemesi']","['Reparto', 'Dirección', 'Guion']",Sin Oscar
Sophia Marzocchi,1977,"['Divergente', 'Red Dead Redemption', '2010', '2010']","['Reparto', 'Equipos adicionales']",Sin Oscar
Sevdelin Ivanov,1971,"['Juego de dragones', 'Pod prikritie', '2011 • 1 episodio', '2017', '2017 • 1 episodio']",['Reparto'],Sin oscar
Demario Baker,No data,['A People of Silence'],['Reparto'],Sin oscar
Fred DiPietro,No data,"['The Grinn', ""McTaggart's Fortune"", 'Walking Man', '2019 • 1 episodio']",['Reparto'],Sin oscar
Mathieu Alexandre Charrière,No data,"['Markus Specht', '8,4']","['Reparto', 'Edición']",Sin oscar
Mike Leffingwell,No data,"['Los Goldberg', '2016 • 1 episodio', 'Guion', 'Guion']","['Guion', 'Dirección', 'Reparto']",Más en IMDbPro
Gary Crews,No data,['Belong'],No data,Sin oscar
Lizelle Gutierrez,No data,[''],"['Reparto', 'Producción', 'Dirección']",Más en IMDbPro
Todd Gillenardo,No data,"['Alien vs. Alien', 'Chicago P.D.', '2014–2015 • 2 episodios', 'Especialistas', 'Serie de TV']","['Especialistas', 'Reparto', 'Producción']",Sin oscar
Nicole Cadeddu,No data,"['Voces ocultas', 'La grande rabbia', 'Cordelia']",['Reparto'],Sin oscar
Tamara Taylor,septiembre,[''],"['Reparto', 'Banda sonora']",Sin oscar
Niccola Tollkin,No data,['Saturn Returns'],['Reparto'],Sin oscar
Gene Jones,No data,[''],['Reparto'],Más en IMDbPro
Tom Holland,1996,[''],"['Reparto', 'Producción', 'Dirección']",Ganó 1 premio BAFTA
Colette Stern,No data,['Le huitième jour'],['Maquillaje'],Sin oscar
Andrea Flowers,No data,[''],"['Reparto', 'Producción', 'Guion']",Más en IMDbPro
Jordan Salloum,No data,[''],['Reparto'],Más en IMDbPro
Robert Vaughn,1932,[''],"['Reparto', 'Dirección']",Nominado para 1 premio Óscar
James Black,1962,[''],"['Reparto', 'Producción', 'Dirección']",Sin oscar
Jan-Philipp Jarke,No data,"['Geschwisterliebe', '2011', '2004', '2012']","['Reparto', 'Producción', 'Edición']",Sin Oscar
Rohith Shetti,No data,['Gayatri'],['Reparto'],Sin oscar
Marija Opsenica,1958,"['Largo Winch', 'Dara of Jasenovac', 'Cetvrtak', '2010', 'Monahinja u Gracanici']",['Reparto'],Sin Oscar
Clifton Powell,1956,[''],"['Reparto', 'Producción', 'Dirección']",Sin Oscar
Luis Jose Lopez,No data,[''],"['Reparto', 'Producción']",Más en IMDbPro
Junie Conjuangco,No data,['Ang lihim sa eskinita'],['Reparto'],Sin oscar
Zethu Dlomo-Mphahlele,1989,[''],['Reparto'],Sin Oscar
Geoff Stults,1977,[''],"['Reparto', 'Producción']",Sin oscar
Alexandre Elizabeth,No data,['The Promise'],['Reparto'],Sin oscar
Annu Kapoor,1956,[''],"['Reparto', 'Música', 'Dirección']",Sin Oscar
Mariana Paola Vicente,No data,[''],"['Reparto', 'Producción']",Más en IMDbPro
Aaron Hutchinson,No data,"['Van Helsing', '2016 • 1 episodio', 'CSI Tech', 'Serie de TV', '7,3']",['Reparto'],Sin oscar
Famke Janssen,1964,[''],"['Reparto', 'Guion', 'Dirección']",Sin Oscar
Sophie Lowe,junio,[''],"['Reparto', 'Edición', 'Dirección']",Sin Oscar
Peter Lewis,1979,[''],"['Reparto', 'Composición', 'Producción']",Sin Oscar
Tomás Baillie,No data,"['El hijo', 'La noche más fría', 'Don Giovanni', '2,8']",['Reparto'],Sin oscar
Gaynelle W. Sloman,julio,[''],"['Reparto', 'Arte', 'Producción']",Sin Oscar
Jessica Mila,No data,"['Imperfect: Karir, Cinta, & Timbangan', 'El tercer ojo', 'Bridezilla', 'Koala Kumal']",['Reparto'],Sin Oscar
Francisco Reyes,No data,[''],"['Reparto', 'Producción', 'Dirección']",Más en IMDbPro
Sarah Guilbault,No data,['Angie X'],['Reparto'],Sin oscar
Becky Jane Romine,No data,[''],"['Reparto', 'Maquillaje', 'Decoración']",Más en IMDbPro
Bettina Giovannini,1958,"['Il maresciallo Rocca', '2005 • 6 episodios', 'Gina Casella', 'Giulia', 'Lucia Mainardi']",['Reparto'],Sin oscar
Alanna Goolsby,No data,['Which Way There'],['Reparto'],Sin oscar
Tana Adelana,No data,"['Lagos Landing', 'Lian', '2019']","['Reparto', 'Producción']",Sin oscar
Halston Sage,1993,[''],"['Reparto', 'Producción', 'Banda sonora']",Sin Oscar
Lynette Winkle,No data,"['An Appointment with Mr. Vield', 'Family Recipe', '2006']",['Reparto'],Sin oscar
Richard Gleason,No data,[''],"['Reparto', 'Guion', 'Dirección']",Más en IMDbPro
Dana Gourrier,1979,[''],"['Reparto', 'Dirección', 'Guion']",Sin Oscar
David Lajoie,No data,['Inmersión'],['Reparto'],Sin oscar
Carly Wijs,1966,[''],['Reparto'],Sin Oscar
Brad Beyer,1973,[''],['Reparto'],Sin oscar
Jay Lieber,No data,"['Glare', 'Knick', 'Walter the Waiter']",['Reparto'],Sin oscar
Terence Stamp,1938,[''],"['Reparto', 'Dirección', 'Guion']",Nominado para 1 premio Óscar
Satish Joshi,No data,['Baipan Bhari Deva'],['Reparto'],Sin oscar
Brooke Warrington,No data,[''],['Reparto'],Más en IMDbPro
Mahesh Devu,No data,['Parchandi'],['Reparto'],Sin oscar
Ricardo Zenteno,No data,"['The last midnight chapter 2: The Wicked Die Young', 'The Last Midnight', 'The last midnight chapter 3: Wendingo', 'Bad and Good girl', '2019']","['Dirección', 'Guion', 'Edición']",Sin oscar
Karsu Nalbantoglu,No data,"['Dagko na Tawo', '7,2', 'Corto', 'Serie de TV']","['Reparto', 'Dirección', 'Edición']",Sin oscar
John S. Boles,No data,[''],['Reparto'],Más en IMDbPro
Jorge Tejerina,No data,['Index'],['Cámara y electricidad'],Sin oscar
Festus Obasogie,No data,"['The List', ""Anthony's friend 2"", '2017']",['Reparto'],Sin oscar
Anant Nag,1948,[''],"['Reparto', 'Música', 'Guion']",Sin Oscar
Ijeoma Peters,No data,"['Eni', 'Belema', '2016']",['Reparto'],Sin oscar
Vin Bejleri,No data,"['Erik', '2022', '2009', '2019', '2012']",['Reparto'],Sin Oscar
Soma Chhaya,1998,[''],['Reparto'],Sin Oscar
Sudip Mukherjee,1968,[''],['Reparto'],Sin oscar
Ben Caldwell,No data,[''],['Reparto'],Más en IMDbPro
Jane Bartholomew,No data,"['The Bond', '7,4', 'Corto']",['Reparto'],Sin oscar
Stacie McLoren,No data,['One October'],No data,Sin oscar
Joanne Froggatt,1980,[''],"['Reparto', 'Producción', 'Equipo ejecutivo']",Nominado para 3 premios Primetime Emmy
Ducon Williams,No data,"[""Vincent's Vow"", 'Silencing Fear', 'Heart River', 'Corto']","['Reparto', 'Dirección', 'Edición']",Sin Oscar
Baard Owe,1936,[''],"['Reparto', 'Dirección']",Sin Oscar
Twisha Bhatt,No data,"['Cheelzadap', 'Beep Beep Beep Lagi Gaya', 'Vidya', 'Sarika (miss attitude)']",['Reparto'],Sin oscar
Gregory Quinn,No data,"['La modista', 'La leyenda de Ben Hall', 'Vecinos', '2014 • 1 episodio', 'Henry King']",['Reparto'],Sin oscar
Chinenye Ubah,No data,"['Pretty Little Thing', 'Mmasinachi', 'Reparto', '2016']",['Reparto'],Sin oscar
Mónica Lairana,No data,"['La cama', 'Karnawal', 'Mujer lobo', 'El patrón. Radiografía de un crimen']","['Reparto', 'Guion', 'Producción']",Sin Oscar
Kristinia DeBarge,1990,[''],"['Reparto', 'Banda sonora']",Sin oscar
Pilou Asbæk,1982,[''],"['Reparto', 'Equipos adicionales', 'Banda sonora']",Sin Oscar
Majid Shokor,No data,[''],"['Reparto', 'Guion', 'Equipos adicionales']",Más en IMDbPro
Gopan Mavelikara,No data,['Poottu'],['Reparto'],Sin oscar
Whitney Moore,1989,[''],"['Reparto', 'Producción', 'Guion']",Sin Oscar
Oscar Ganem,No data,[''],"['Reparto', 'Producción', 'Dirección']",Más en IMDbPro
Tarak Ponnappa,No data,"['K.G.F: Chapter 1', 'K.G.F: Chapter 2', 'Triple Whammy', 'Gilky']",['Reparto'],Sin oscar
Rafael Ferro,1965,[''],"['Reparto', 'Dirección', 'Banda sonora']",Sin Oscar
Justin Dray,1976,[''],"['Reparto', 'Edición', 'Producción']",Sin Oscar
Zaky Fateen Abdel Wahab,1961,[''],"['Reparto', 'Localización', 'Dirección de la segunda unidad o asistencia a dirección']",Sin Oscar
Norman Pang,No data,"['Papa, Come Home', '7,0']",['Reparto'],Sin oscar
Lester Roberson,No data,"['Streets of a Scion', 'Corto']","['Reparto', 'Composición']",Sin oscar
Prathik Shetty,No data,['Pattanaje'],['Reparto'],Sin oscar
Rebecca Hall,1982,[''],"['Reparto', 'Producción', 'Dirección']",Ganó 1 premio BAFTA
Danielle-Shani,No data,['Vigilante Superstar'],No data,Sin oscar
Kresh Novakovic,1974,[''],"['Reparto', 'Producción', 'Guion']",Sin Oscar
Carmo Bebiano,No data,"['Tales from the Rabbit Hole: A Curious Kitsch Novel', 'Faustus', 'Serie de TV', 'Namorada']",['Reparto'],Sin oscar
Aaron Picasso,No data,"['Graffiti', '2008 • 100 episodios', ""Jaimito González FloresJaime 'Jaimito' González""]",['Reparto'],Sin oscar
Wes Studi,1947,[''],"['Reparto', 'Producción', 'Dirección']",Sin Oscar
Luis J. Rodriguez,No data,"['Always Running', 'Self', '2017', '1994']",['Producción'],Sin oscar
Türkü Turan,1985,[''],"['Reparto', 'Banda sonora']",Sin Oscar
Raul Colon,No data,[''],"['Reparto', 'Especialistas']",Más en IMDbPro
Marcus Pfennig,No data,['Das Beziehungskonto'],['Reparto'],Sin oscar
Lary Chary,No data,['Love Faces'],No data,Más en IMDbPro
Nikita Kaminsky,No data,"['Another You', ""Jesse's Girl"", 'Serie de TV', '7,2']","['Equipos adicionales', 'Producción', 'Reparto']",Sin oscar
Laura Gómez,No data,[''],"['Reparto', 'Equipos adicionales', 'Dirección']",Más en IMDbPro
Kumari Bhavana,No data,['Kadhal'],['Reparto'],Sin oscar
Zohira Terife,No data,"['Corneador', 'Chica HTV 2011']",['Reparto'],Sin oscar
Tim Bentinck,1953,[''],"['Reparto', 'Sonido', 'Equipos adicionales']",Sin Oscar
Lindsey Haun,noviembre,[''],"['Reparto', 'Dirección', 'Guion']",Sin Oscar
Simone Kessell,1975,[''],"['Reparto', 'Producción']",Sin Oscar
Aleksandar Seksan,1968,"['Piknik', '2015', '2003', '2019', '2007']",['Reparto'],Sin Oscar
Shayan Salehian,No data,"['Lown', 'Oliver', 'La boda de Ali']","['Guion', 'Dirección', 'Reparto']",Más en IMDbPro
Jason Weaver,1979,[''],"['Reparto', 'Banda sonora']",Sin Oscar
Sylvia Johnson,1980,"['Cuando todo está perdido', 'El gurú de las bodas', 'En qué piensan los hombres', ""Caribbean's Next Top Model""]","['Equipos adicionales', 'Producción', 'Reparto']",Sin oscar
Polly Shannon,1973,[''],"['Reparto', 'Guion', 'Producción']",Sin Oscar
Ezra Knight,1962,[''],['Reparto'],Sin Oscar
Deli Connell,No data,['Shepherd'],['Reparto'],Sin oscar
Dean James,1931,[''],"['Reparto', 'Equipos adicionales']",Nominado para 2 premios Óscar
Jason James Richter,1980,[''],"['Reparto', 'Producción', 'Dirección']",Sin Oscar
Vinnie Bennett,No data,[''],['Reparto'],Más en IMDbPro
David Lambert,1993,[''],"['Reparto', 'Producción', 'Banda sonora']",Sin Oscar
Janel Tanna,No data,[''],"['Reparto', 'Producción', 'Guion']",Más en IMDbPro
Frank Leboeuf,1968,"['La teoría del todo', 'Blazeball', '2015', '2014']","['Reparto', 'Producción', 'Equipos adicionales']",Sin Oscar
Kim Seung Goo,No data,"[""An Affair: My Friend's Mom""]",['Reparto'],Sin oscar
Uche Jombo,No data,[''],"['Reparto', 'Guion', 'Producción']",Más en IMDbPro
Rachel Hardman,No data,"['Desert Drifters', 'Corto']",['Reparto'],Sin oscar
Bryan Austin,junio,[''],['Reparto'],Sin oscar
Brian Bowman,No data,[''],"['Reparto', 'Guion', 'Producción']",Más en IMDbPro
Jason Kilpatrick,No data,['The Grinn'],['Reparto'],Sin oscar
Bekenya Jane Augustin,No data,"['The Promise', 'Newyorker', '2017']",['Reparto'],Sin oscar
Angie Milliken,No data,[''],['Reparto'],Más en IMDbPro
Mihai Dinvale,1950,"['La marca del lobo', 'Cealalta Irina', 'Sherlock', '2002', '1999']",['Reparto'],Sin oscar
Renely Alfred,No data,"['Cómo me convertí en superhéroe', ""T'as pécho?"", 'Estamos hechos para entendernos', 'La mélodie']",['Reparto'],Sin oscar
Nancy Wolfe,No data,"['Manson, retrato de un asesino', '1976 • 2 episodios', '1997', '2014', '2001']","['Reparto', 'Banda sonora']",Más en IMDbPro
Robert Leeshock,1961,[''],"['Reparto', 'Producción', 'Guion']",Sin oscar
Rened Varona,No data,['Nuestro silencio'],['Reparto'],Sin oscar
Joseph Naufahu,1978,[''],['Reparto'],Sin oscar
Chiwetalu Agu,No data,"['The Lost Okoroshi', 'Only You & Me', 'Reparto', '2019']",['Reparto'],Sin Oscar
Adam Boatsman,No data,"['Little White Snowflake', 'Barcley', 'Dill']",['Reparto'],Sin oscar
Shivani Purohit,No data,['Love Lafru Lagan'],['Reparto'],Sin oscar
Kyle Colton,1989,[''],"['Reparto', 'Guion', 'Dirección']",Sin Oscar
Nirmal Rishi,No data,"['Nikka Zaildar 2', 'Nikka Zaildar', 'Lahoriye', 'Long Da Lishkara']","['Reparto', 'Guion', 'Casting']",Sin Oscar
Rita Dominic,1975,[''],"['Reparto', 'Producción']",Sin Oscar
Tanushree Chatterjee,No data,"['Jawani Ki Rail Kahi Choot Na Jaye', 'Reparto', '2018']",['Reparto'],Sin oscar
Dana Powell,1975,[''],"['Reparto', 'Guion', 'Producción']",Sin Oscar
Thomas Miles,No data,[''],"['Reparto', 'Producción', 'Guion']",Sin Oscar
Golda de Leon,No data,No data,No data,Sin oscar
Kim Hyeon-Ok,1971,"['Sweet Home', '2020 • 9 episodios', 'Stella', 'Serie de TV', '5,8']",['Reparto'],Sin oscar
Srinagar Kitty,No data,"['Sanju Weds Geetha', 'Gowli', 'Tony', 'Bahuparaak']","['Reparto', 'Producción']",Sin Oscar
Sankarshan Karhade,No data,"['Mazhi Tuzhi Reshimgaath', '2021–2023 • 455 episodios', '2023', '2017', '2016']","['Guion', 'Reparto']",Más en IMDbPro
Aline Gonzalez,No data,['¡Qué buena se puso Lola!'],['Producción'],Sin oscar
Frank M. Ahearn,No data,"['Operación Koh-I-Noor', 'Neron', 'Zila Ghaziabad', 'Snapshot Wedding']","['Reparto', 'Equipo ejecutivo']",Sin oscar
Chiara Pavoni,No data,"['Josh Jasmer', 'Orgoglio e sensualità', 'Il sentiero', 'La nostalgia']","['Reparto', 'Dirección de casting']",Más en IMDbPro
Beverly Cave,No data,['The Public Enemy'],['Reparto'],Sin oscar
Yasser Ali Maher,No data,"['The Blue Elephant', 'El Cairo confidencial', 'Welad el-Amm', 'Sabbubah']",['Reparto'],Sin Oscar
David Griffin,1943,[''],"['Reparto', 'Banda sonora']",Sin oscar
Simon Larsson,No data,['Sagan om Karl-Bertil Jonssons julafton'],['Reparto'],Sin oscar
Melissa George,1976,[''],"['Reparto', 'Banda sonora']",Sin Oscar
Grishma Joshi,No data,['Love Story Ma Locho Padyo'],['Reparto'],Sin oscar
Chao Jiang,No data,"['Kai feng fu', '2017 • 38 episodios', 'Yu nian you xi', ""The Fox's Summer"", '2017 • 43 episodios']",['Reparto'],Más en IMDbPro
Shirley Igwe,No data,"['Middle of Nowhere', 'Benita', '2018']","['Reparto', 'Guion', 'Localización']",Sin oscar
Tristan Barr,No data,[''],"['Producción', 'Reparto', 'Dirección']",Más en IMDbPro
Sean Heslep,No data,[''],['Reparto'],Más en IMDbPro
Bridgett Mistrot,No data,[''],['Reparto'],Más en IMDbPro
Krystal E. Heredia,No data,[''],['Reparto'],Sin Oscar
Bharat Ganeshpure,No data,[''],"['Reparto', 'Música']",Más en IMDbPro
Nishanth,No data,"['A Ranjith Cinema', 'Dirección o asistencia de la segunda unidad']","['Dirección', 'Guion', 'Dirección de la segunda unidad o asistencia a dirección']",Sin oscar
Song Ngu,No data,"['Cuoc Xe Nua Dem', '[S.O.S] Sói Trang', 'Película de TV']",['Reparto'],Sin oscar
Aatu Kreivi,No data,['Seita'],"['Reparto', 'Dirección de la segunda unidad o asistencia a dirección', 'Maquillaje']",Sin oscar
Gabor Biedermann,1979,"['Frauen, die Geschichte machten', '2013 • 1 episodio', 'Felix Seitz', 'Serie de TV', '5,7']",['Reparto'],Sin oscar
Oliver Powell,abril,[''],"['Reparto', 'Guion', 'Dirección']",Sin oscar
Avian S. Dubhagáin,No data,"['Death Hair 2', 'Corto']","['Reparto', 'Efectos especiales', 'Maquillaje']",Sin oscar
David Michael Kirby,No data,"['Mythos', '2012–2014 • 4 episodios', '2017', 'Annunciation']","['Reparto', 'Arte', 'Producción']",Sin oscar
Shobharaj,No data,"['Hyper', 'Reparto', '2016', '2017']",['Reparto'],Sin oscar
Kevin Kugley,No data,[''],['Reparto'],Más en IMDbPro
Fatmir Spahiu,No data,"['Cold November', 'Luna Park', '6,6', '6,5']","['Reparto', 'Producción']",Sin Oscar
Orodel Olanu,No data,"['Schimb valutar', 'Las chapas', 'Ruxx', '2022 • 1 episodio', 'Expert de la police judiciaireFlic']",['Reparto'],Sin oscar
Lisa-Marie Schneider,No data,"['Aullidos', 'Amor ciego', 'Charlie Jade', '2005 • 7 episodios', '2008']",['Reparto'],Sin oscar
Vinod Prabhakar,No data,"['Fighter', 'Navagraha', 'Tyson', 'Belli']",['Reparto'],Más en IMDbPro
Lauren Sweetser,febrero,[''],"['Reparto', 'Producción']",Sin Oscar
Marques D'Arede,1949,"['Ministério do Tempo', '2017 • 1 episodio', 'Fernando Correia Marques', 'Mr. Lage', 'António']",['Reparto'],Sin Oscar
Suzanne Shea Reed,No data,['8 Broken Hearts'],No data,Más en IMDbPro
Valentino J. Smith,No data,"['Etheria', '2020 • 1 episodio', '2017', 'Abandoned Buddy']",['Reparto'],Sin oscar
Greg Thompson,No data,[''],"['Reparto', 'Producción', 'Dirección']",Más en IMDbPro
Juan Minujín,1975,[''],"['Reparto', 'Producción', 'Dirección']",Sin Oscar
Gulshan Grover,1955,[''],"['Reparto', 'Música']",Sin Oscar
Dominic Fumusa,1969,[''],['Reparto'],Sin Oscar
Khademi Fereidoun,No data,['The Traveler-mosafer'],['Reparto'],Sin oscar
Lucy Beckwith,No data,"['The Bookshop (La librería)', 'At Home with the Braithwaites', '2000–2002 • 5 episodios', '2017', '2014']",['Reparto'],Sin oscar
Ivan Franek,1965,[''],['Reparto'],Sin Oscar
Christine Gonzalez,No data,['Loveland'],['Diseño de vestuario'],Sin oscar
Johanna Rae,No data,[''],"['Reparto', 'Producción']",Más en IMDbPro
Matthew Brumlow,No data,"['Lone Wolves', 'Producción', '2018', '2013']","['Reparto', 'Producción']",Sin oscar
Vijaya Venkat,No data,['Shivayogi Sri Puttayyajja'],['Reparto'],Sin oscar
Quinton Aaron,1984,[''],"['Reparto', 'Producción', 'Guion']",Sin Oscar
Celeste Creel,No data,[''],['Reparto'],Más en IMDbPro
David Neil Cohen,No data,[''],"['Reparto', 'Equipos adicionales', 'Especialistas']",Más en IMDbPro
Iqra Shahid,No data,['Piece of Naan'],['Reparto'],Sin oscar
Samira Mohamed Ali,No data,[''],"['Reparto', 'Producción']",Sin oscar
Mikhail Golubovich,1943,[''],['Reparto'],Sin Oscar
Shobaraj Pawan,No data,['Yugapurusha'],['Reparto'],Sin oscar
Shahnawaz Pradhan,1963,[''],"['Reparto', 'Equipos adicionales']",Sin oscar
Greisy Mena,1992,[''],['Reparto'],Sin Oscar
Derick Booker,No data,['The Bang Bang Brokers'],['Reparto'],Sin oscar
Myrna Cabello,No data,[''],"['Reparto', 'Producción', 'Guion']",Más en IMDbPro
Ranadheera Venkatesh,No data,"['Minchina Ota', 'Drona', 'Reparto', '2000']",['Reparto'],Sin oscar
Alvaro Orlando,No data,[''],"['Reparto', 'Producción', 'Guion']",Más en IMDbPro
J.P. Giuliotti,No data,[''],"['Reparto', 'Producción']",Más en IMDbPro
Richie Matthew Logsdon,No data,"['Riley', 'Beautiful Garden', 'Noah Knows Best', '2000 • 1 episodio']","['Reparto', 'Producción', 'Casting']",Sin oscar
Sophia Rose,1996,[''],No data,Sin oscar
Halil Palamutcu,No data,['Bizim Küçük Günahlarimiz'],['Reparto'],Sin oscar
Aaron Munoz,No data,[''],"['Reparto', 'Guion', 'Dirección']",Más en IMDbPro
Robert Wisdom,1953,[''],"['Reparto', 'Banda sonora']",Sin oscar
Nayan Raina,No data,"['Un trabajo embarazoso', 'Drnk Textin', 'Butter', 'El guerrero más letal', '2010 • 1 episodio']","['Reparto', 'Música', 'Producción']",Más en IMDbPro
Philip Molepo,No data,"['Voices of Faith', '8,7']",['Reparto'],Sin oscar
Juliette Bennett,No data,[''],"['Reparto', 'Producción']",Más en IMDbPro
Astrid Bergès-Frisbey,1986,[''],['Reparto'],Sin Oscar
Iku Haruka,No data,"['Future Century Amazons', 'Kinbaku: Tsuki no Shô', '5,1', '4,2']",['Reparto'],Sin oscar
Yemi Blaq,No data,"['High Blood Pressure', 'Essien', 'Boycott']",['Reparto'],Sin Oscar
Alex Russo,1989,"['Lux in Tenebris', 'Dying 2 Meet U', 'Superhero 101', 'Cleanland']","['Reparto', 'Vestuario', 'Maquillaje']",Sin Oscar
Daphne Duplaix,1976,[''],['Reparto'],Sin Oscar
Kevin Allen,1962,[''],"['Reparto', 'Dirección', 'Producción']",Sin Oscar
Ahmad Bedair,1945,[''],['Reparto'],Sin oscar
Joe Cole,1988,[''],['Reparto'],Nominado a 1 premio BAFTA
B.V. Radha,1948,"['Partha', 'Mithileya Seetheyaru', 'Manasiddare Marga', 'Krantiveera']","['Reparto', 'Producción']",Sin oscar
Monte James,No data,[''],['Reparto'],Más en IMDbPro
Jonathan Zaccaï,1970,[''],"['Reparto', 'Dirección', 'Guion']",Sin Oscar
Jonathan Banks,1947,[''],"['Reparto', 'Guion', 'Producción']",Nominado para 6 premios Primetime Emmy
Abi Bermúdez,No data,"['Nuestro silencio', '7,0']",['Reparto'],Sin oscar
Lainnie Felan,No data,[''],"['Reparto', 'Guion', 'Producción']",Más en IMDbPro
Isis Castellanos,No data,"['Pervertidas', '2017', 'Lola Meráz', 'Vídeo', '8,5']",['Reparto'],Más en IMDbPro
Frank Giannino Jr.,No data,['The Walking Fool'],No data,Sin oscar
Melody Brooke,No data,[''],"['Reparto', 'Producción', 'Dirección']",Más en IMDbPro
Adrian Lester,1968,[''],"['Reparto', 'Dirección', 'Guion']",Sin Oscar
Androulla Irakleous,No data,"['Meli kai krasi', 'Antio, koproskyla!', '7,5', '6,9']",['Reparto'],Más en IMDbPro
Alina Nastase,1990,[''],"['Reparto', 'Producción', 'Dirección']",Sin Oscar
Mudra Joshi,No data,['Monalisa: A Tale of Lost Innocence'],['Reparto'],Sin oscar
Yogesh,1979,[''],['Reparto'],Sin Oscar
Emalie Noelani,No data,[''],"['Reparto', 'Dirección de casting', 'Producción']",Más en IMDbPro
Felicity Huffman,1962,[''],"['Reparto', 'Producción', 'Dirección']",Nominado para 1 premio Óscar
Padma Vaasanthi,No data,"['Belli', 'Shishya', '8,3', '7,8']",['Reparto'],Más en IMDbPro
Maurice Benard,1963,[''],"['Reparto', 'Banda sonora']",Sin Oscar
Nick Clothier,No data,['Shepherd'],['Reparto'],Sin oscar
Justin Connor,1972,[''],"['Reparto', 'Dirección', 'Producción']",Sin oscar
H.N. Siddappa,No data,['Halli Sogadu'],['Reparto'],Sin oscar
Yalalt Namsrai,No data,"['Aberrance', 'Wolf Warriors', '2018', '2019']",['Reparto'],Sin oscar
Baharum Abdu,No data,['Alexander Jamieson'],['Reparto'],Sin oscar
Sylvia Hertling,No data,['Waiting for Waldemar'],['Reparto'],Sin oscar
Rosa María Bianchi,1948,[''],['Reparto'],Sin Oscar
Chuck Phelps,No data,[''],['Reparto'],Más en IMDbPro
June Kyoto Lu,No data,[''],"['Reparto', 'Equipos adicionales']",Más en IMDbPro
Nick Robinson,1995,[''],"['Reparto', 'Producción', 'Banda sonora']",Sin Oscar
Jennifer Huva,No data,[''],"['Reparto', 'Especialistas', 'Banda sonora']",Más en IMDbPro
Girija Lokesh,No data,"['Martin', '6,4', '8,0', '5,5']",['Reparto'],Sin oscar
Trish Basinger,No data,[''],"['Reparto', 'Producción']",Más en IMDbPro
Guillym Davenport,No data,"['Searching for a Friend', 'Les Catastrophes', 'Brothers in Arms', 'Pitch Black']","['Dirección', 'Reparto', 'Guion']",Sin oscar
K.J. Apa,1997,[''],"['Reparto', 'Producción', 'Banda sonora']",Sin Oscar
Linda Cardellini,1975,[''],"['Reparto', 'Producción', 'Banda sonora']",Nominado para 3 premios Primetime Emmy
Christina Moore,abril,[''],"['Reparto', 'Producción', 'Guion']",Sin Oscar
Deke Anderson,1959,[''],"['Reparto', 'Dirección de la segunda unidad o asistencia a dirección', 'Producción']",Sin Oscar
Claudia Zevallos,No data,[''],['Reparto'],Más en IMDbPro
June Mock,No data,[''],"['Reparto', 'Dirección', 'Guion']",Más en IMDbPro
Mayur Kumar,No data,"['Gunwali Dulhaniya', 'Diamond Singh Aam Aadmi', 'Reparto']","['Reparto', 'Dirección de producción']",Sin oscar
Grady Lee Richmond,No data,[''],"['Reparto', 'Producción']",Más en IMDbPro
Mariette Hartley,1940,[''],"['Reparto', 'Guion', 'Producción']",Ganó 1 premio Primetime Emmy
Omid Rawendah,No data,"['Kabullywood', 'Ennui ennui', '2013']",['Reparto'],Sin oscar
Vickram Abdul Faqih Priyono,No data,['Naura & Genk Juara the Movie'],['Reparto'],Sin oscar
Larry Cahill,No data,"['Fighting the Sky', 'Connected', 'Colony 52', 'Michael Wolf']",['Reparto'],Sin oscar
Aparna Dutta Choudhury,No data,"['Wide Angle', '2017', '2021']",['Reparto'],Sin oscar
Linda Cerabolini,No data,"['The Eighteenth Angel', ""L'alba di Luca"", '4,6', '4,3']",['Reparto'],Sin oscar
Alexandra Schulze,No data,"['Cargo', 'Butterfly', 'Deadline Gallipoli', '2015 • 2 episodios']","['Reparto', 'Equipos adicionales']",Sin oscar
Travis Hammer,No data,[''],['Reparto'],Más en IMDbPro
Daniel Smith,1986,[''],"['Reparto', 'Producción']",Sin oscar
Craig Shelton,No data,"['Regreso al lago azul', 'Huracán Smith']","['Reparto', 'Equipos adicionales']",Sin oscar
Kimberly Dargis,No data,"['Little Notes to Heaven', 'The Lost Prince of Leeafall', 'Muffin']",['Reparto'],Sin oscar
Brandon Cantilang,No data,[''],['Reparto'],Más en IMDbPro
Amanda Good Hennessey,No data,[''],"['Reparto', 'Guion', 'Producción']",Más en IMDbPro
Said Alharbi,No data,"['Priyappetta Nattukare', '6,7', '4,6', '7,0']",['Reparto'],Sin oscar
Atharv Padhye,No data,"['Ubuntu', 'Karm Yuddh', '2022 • 5 episodios', '2018', '2018']",['Reparto'],Sin oscar
Hal Yamanouchi,1946,[''],"['Reparto', 'Especialistas', 'Producción']",Sin Oscar
Edsel Santiago,No data,"['Delia & Sammy', '1-2-3', 'Sinandomeng', 'Reparto']","['Reparto', 'Banda sonora']",Más en IMDbPro
Brian Cox,1946,[''],"['Reparto', 'Producción', 'Dirección']",Ganó 1 premio Primetime Emmy
Denise Reed,No data,[''],"['Reparto', 'Dirección', 'Producción']",Más en IMDbPro
Loïc Corbery,1976,[''],"['Reparto', 'Banda sonora']",Sin Oscar
Yash Kumarr,No data,"['Beti No. 1', 'Reparto(as Yash Kumar Mishra)', '2021']","['Reparto', 'Producción', 'Guion']",Sin oscar
Jason George,1972,[''],"['Reparto', 'Producción', 'Dirección']",Sin Oscar
Lou Justice Johnson,No data,"['Mi madre contra todos', 'Despair Sessions', 'Acts of Revenge', ""Where Birds Don't Fly""]",['Reparto'],Sin oscar
Lucky Atuegbe,No data,"['The List', 'Anthony', '2017']",['Reparto'],Sin oscar
Michael Cristian,1985,"['Data Centre Interconnect', 'Dreamstitching', 'Cloud Network', 'The Alpha System']","['Dirección', 'Guion', 'Edición']",Sin Oscar
Brett Houdek,No data,[''],"['Reparto', 'Equipos adicionales', 'Dirección de casting']",Más en IMDbPro
Jasmine Carmichael,No data,[''],['Reparto'],Más en IMDbPro
Jared Abrahamson,1987,[''],"['Reparto', 'Producción']",Sin Oscar
Miles J. Harvey,No data,[''],"['Reparto', 'Banda sonora']",Más en IMDbPro
Sam Alenbalulu,No data,['Beyond Natural Eye'],['Reparto'],Sin oscar
Daniel E. Kafer,No data,"['Made Me Do It', 'Mafia Man', 'The Pinhole Affect', '2015', '2013']",['Reparto'],Sin oscar
Skeet Ulrich,1970,[''],"['Reparto', 'Dirección', 'Producción']",Sin Oscar
Kirstie Piper,No data,['The Red Resurrection'],['Reparto'],Sin oscar
Maxine Peake,1974,[''],"['Reparto', 'Dirección', 'Guion']",Nominado a 2 premios BAFTA
Segun Arinze,No data,"['30 Days', 'The Widow', '5,8', 'The Island']","['Reparto', 'Producción', 'Dirección de producción']",Sin oscar
Uwe Choroba,No data,"['5 Seasons', 'Nocta', 'Breakdown Forest - Reise in den Abgrund', 'The Age of Genesis']","['Reparto', 'Cámara y electricidad', 'Equipos adicionales']",Sin oscar
Elisabeth Röhm,1973,[''],"['Reparto', 'Dirección', 'Guion']",Sin Oscar
Gregory Alan Williams,junio,[''],"['Reparto', 'Producción', 'Dirección']",Sin Oscar
Simone Barton-Grimley,No data,"['Listen Carefully', '5,3']","['Reparto', 'Producción']",Sin oscar
Dipanwita Nath,No data,"['Ebar Goyenda Basab', 'Jadu Kadai', '6,5', 'Corto']",['Reparto'],Sin oscar
Mary Lynn Rajskub,1971,[''],"['Reparto', 'Guion', 'Producción']",Sin Oscar
Éric Génovèse,No data,"['Le bourgeois gentilhomme', ""L'avare"", 'El hombre del sótano', 'Le misanthrope']","['Reparto', 'Equipos adicionales']",Sin oscar
Leslie Easterbrook,1949,[''],"['Reparto', 'Producción', 'Banda sonora']",Sin Oscar
Vincent Cusimano,1981,[''],"['Reparto', 'Guion', 'Producción']",Sin Oscar
Sherod Ogletree,No data,"['Las apariencias engañan', '¿En qué piensan los hombres?', 'Hollywood Envy', 'ATL Undercover Special Unit']","['Reparto', 'Edición', 'Dirección de fotografía y cámara']",Más en IMDbPro
Surya Saputra,No data,"['Ikatan Cinta', '2020–2023 • 915 episodios', '2003', '2005', '2022']",['Reparto'],Sin Oscar
Mossie Smith,No data,"['Adiós Christopher Robin', 'The History of Tom Jones, a Foundling', '1997 • 1 episodio', 'WPC Maureen Havers', 'Miniserie de TV']",['Reparto'],Sin oscar
Royel Augustine,No data,[''],['Reparto'],Más en IMDbPro
Lizwi Vilakazi,No data,"['Mandela: Del mito al hombre', 'Five Fingers for Marseilles', 'Intsimbi']",['Reparto'],Sin oscar
Gina Grinkemeyer,No data,[''],"['Reparto', 'Equipos adicionales', 'Casting']",Más en IMDbPro
Gia Khang,No data,['[S.O.S] Sói Trang'],['Reparto'],Sin oscar
Clara Lago,1990,[''],"['Reparto', 'Banda sonora']",Sin Oscar
Dinarte de Freitas,1980,[''],"['Reparto', 'Dirección', 'Producción']",Sin Oscar
Àurea Márquez,No data,[''],['Reparto'],Más en IMDbPro
Irina Koval,No data,"['Her Tango', 'Buddy Jackson', '2006 • 1 episodio']",['Reparto'],Sin oscar
Vidur Gotawala,1983,"['Bhookh', 'Tu Mari Ass Pas Che', 'Música', '2022']","['Reparto', 'Música', 'Dirección']",Sin oscar
Marilyn Burns,1949,[''],"['Reparto', 'Equipos adicionales']",Sin Oscar
Bryce Harper,No data,"['El juego de Gerald', 'Siphon', 'Belton County', ""Whistler's Mother"", '2018']",['Reparto'],Sin oscar
Victor Chapman,No data,"['Pork Pie', 'Players']",['Especialistas'],Sin oscar
Krishna,1943,[''],"['Reparto', 'Producción', 'Equipos adicionales']",Ganó 1 premio Óscar
Jack Gore,No data,[''],['Reparto'],Más en IMDbPro
Rakesh Pujara,No data,['Devar Sala Aankh Mare'],['Reparto'],Sin oscar
Simon Lyndon,1971,[''],"['Reparto', 'Dirección', 'Guion']",Sin Oscar
Jeff-McLane,No data,['Cobain: Montage of Heck'],['Equipos adicionales'],Sin oscar
Bokavi Swu,No data,['Nana: A Tale of Us'],['Reparto'],Sin oscar
Katriina Isberg,No data,[''],['Reparto'],Más en IMDbPro
Anthony Phelan,1954,[''],"['Reparto', 'Sonido']",Sin Oscar
Usha Nadkarni,No data,[''],['Reparto'],Más en IMDbPro
Geetha,No data,No data,No data,Sin oscar
Michael Rouse,No data,[''],"['Reparto', 'Composición', 'Dirección']",Más en IMDbPro
Zahra Mohammadi,No data,"['Eternal sleep', 'Reparto(as Zahra Mohamadi)', '2018']",['Reparto'],Sin oscar
Tracy Wiu,No data,[''],"['Reparto', 'Producción', 'Dirección de casting']",Más en IMDbPro
Wyatt Russell,1986,[''],"['Reparto', 'Producción', 'Banda sonora']",Sin Oscar
Juan Francisco Selles,No data,"['The Third Wave', 'Siniestro', 'Cop Madrigal', '2022']","['Reparto', 'Especialistas', 'Producción']",Sin oscar
Varushka Franceschi,No data,[''],"['Guion', 'Reparto', 'Producción']",Más en IMDbPro
Anne Heche,1969,[''],"['Reparto', 'Producción', 'Guion']",Nominado para 1 premio Primetime Emmy
Sheila Hancock,1933,[''],"['Reparto', 'Guion', 'Producción']",Nominado a 2 premios BAFTA
Durga Sharma Shrivastva,No data,['Gali Guleiyan'],['Reparto'],Sin oscar
Mellanie Hubert,No data,"['Super Fan', 'Patron(sin acreditar)', 'Equipos adicionales(as Melanie Hubert)', 'Serie de TV']","['Reparto', 'Equipos adicionales', 'Producción']",Sin oscar
Steve Rankin,No data,[''],"['Reparto', 'Especialistas', 'Dirección']",Más en IMDbPro
Marla Seidell,No data,[''],"['Reparto', 'Producción', 'Equipos adicionales']",Más en IMDbPro
Ray Sinclair,No data,[''],"['Reparto', 'Especialistas']",Más en IMDbPro
Judd Laurance,No data,"['An American Affair', 'Wavelength', 'La Masa', '1978 • 1 episodio', '2002']","['Reparto', 'Guion', 'Equipos adicionales']",Sin oscar
Violet Boudicca Johnson,No data,"['The Last Sentinel', 'The Butcher', 'The Beautiful Ones']",['Reparto'],Sin oscar
Nicole Ansari-Cox,No data,[''],"['Reparto', 'Dirección', 'Producción']",Más en IMDbPro
Rick Camargo,No data,['Return to Nihasa'],['Reparto'],Sin oscar
Prakash Gaikwad,No data,"['Mata Ki Chowki', '2008–2011 • 845 episodios', 'Composición', 'Serie de TV', '5,6']",['Composición'],Sin oscar
Claudia Kastellanos,No data,"['Veil', 'Paparazzi Eye in the Dark', 'One Night in Vegas', 'The Maladjusted']","['Reparto', 'Sonido', 'Cámara y electricidad']",Sin oscar
Sumire,1990,[''],['Reparto'],Sin oscar
John Campbell Beaury,No data,['The Unattainable Story'],['Reparto'],Sin oscar
Hauwa Allahbura,No data,"['The Eve', 'Code Wilo', 'Nkem Nochiri', '2017']","['Reparto', 'Producción']",Sin oscar
Zosia Mamet,1988,[''],"['Reparto', 'Producción', 'Maquillaje']",Sin Oscar
Meghan Nelson,No data,No data,No data,Sin oscar
Isaac Gabriel Attah,No data,['Obsession'],['Reparto'],Sin oscar
Mohamed Said,No data,[''],['Reparto'],Sin oscar
Vijay Patkar,1963,[''],"['Reparto', 'Dirección', 'Producción']",Sin oscar
Jiivika Pillappa,No data,[''],['Reparto'],Sin oscar
Brett Dalton,1983,[''],['Reparto'],Sin Oscar
Ryan Hansen,1981,[''],"['Reparto', 'Producción', 'Dirección de fotografía y cámara']",Sin Oscar
Rita Antunes,No data,['Casanova Variations'],['Equipos adicionales'],Sin oscar
Henry Ian Cusick,abril,[''],"['Reparto', 'Producción', 'Dirección']",Nominado para 1 premio Primetime Emmy
Wahaj Ali,1988,[''],['Reparto'],Sin oscar
Iyad Hajjaj,No data,[''],"['Reparto', 'Producción', 'Dirección']",Más en IMDbPro
Alexander Yakovlev,No data,"['UFC on Fox', '2014–2016 • 5 episodios', 'Self', 'Especial de TV', '6,8']",No data,Sin oscar
Terry Notary,1968,[''],"['Equipos adicionales', 'Especialistas', 'Reparto']",Sin Oscar
Arun Dubey,No data,"['The Gone Game', '2020 • 4 episodios']",['Dirección de producción'],Sin oscar
Jon Kristian Moore,No data,[''],['Reparto'],Más en IMDbPro
Bernardo Kenny,No data,"['El escuadrón suicida', 'Javier Medina Bernal - Vale la pena soñar, versión Tocando Madera', 'Escobar: Paraíso perdido', 'EL CEREBRO EN EL FRASCO']","['Dirección de producción', 'Producción', 'Equipos adicionales']",Sin oscar
David Brooke,No data,['Beneath Hill 60'],['Reparto'],Sin oscar
Santiago Bengolea,No data,['Película'],['Reparto'],Sin oscar
Vakhtang Kipiani,No data,"[""Mama's Heart. Gongadze""]",No data,Sin oscar
Ted Mattison,No data,[''],"['Reparto', 'Dirección', 'Producción']",Más en IMDbPro
Jamie Black,1991,[''],"['Reparto', 'Banda sonora']",Sin Oscar
