0,1,2,3
tt12748250,Too Valid: The Scandal Continues,NO DATA,2020
tt12749508,Just Lean on Jesus,NO DATA,2020
tt12749928,Ice Cream Man,"7,4",2020
tt12750474,Tvano Nebus,"6,5",2020
tt12750612,Idle Hours,NO DATA,2020
tt12751726,The Illustrator,"4,6",2020
tt12752930,Jamila,NO DATA,2020
tt12753458,Respirare stanca,"6,4",2020
tt12752908,Chong zheng he shan dai hou sheng,NO DATA,2020
tt12757026,Orpheus,"5,7",2020
tt12757266,Zinzanah 7,"2,1",2020
tt12758880,Once Upon a Time in Tokyo,NO DATA,2020
tt12758508,Armour,NO DATA,2020
tt12758260,Armour,NO DATA,2020
tt12758660,Koshtargah,"5,7",2020
tt12762790,Quando o Sol se Põe,"5,9",2020
tt12762182,Hell Week,NO DATA,2020
tt12764248,Los Tres Cerditos,NO DATA,2020
tt12762096,Marlene,"7,3",2021
tt12764158,La Noche,"5,7",2020
tt12764486,Nimby,"5,4",2020
tt12765534,Victoria,"6,0",2020
tt12765462,The Day of Destruction,"5,5",2020
tt12766862,Curfew,"6,8",2021
tt12768384,Mama,NO DATA,2020
tt12768944,Mama,"6,3",2021
tt12769990,Geometry: The Movie,"5,9",2020
tt12773752,Good Luck with Everything,"7,1",2020
tt12774954,Midnight Swan,"6,8",2020
tt12775424,Once Upon a Time in Tollywood Vol. 1: Flop Director,NO DATA,2020
tt12774732,Namo,NO DATA,2020
tt12780604,Innocent Prisoners,NO DATA,2020
tt12777728,Monster A,NO DATA,2020
tt12779696,Akilla's Escape,"5,5",2021
tt12779208,Meel patthar,"6,7",2021
tt12781974,Savage Genesis,"7,5",2020
tt12782066,Tallukh,"5,4",2020
tt12784260,The Male Gaze: Strikers & Defenders,"6,4",2020
tt12784484,Guida romantica a posti perduti,"5,5",2020
tt12788198,Chills Down Your Spine,"5,2",2020
tt12788586,Perversion,NO DATA,2020
tt12788554,Diary - A Life of Indian Housewife,NO DATA,2020
tt12788632,Hamaari Bhabhi,NO DATA,2020
tt12788472,Vagrant,"7,1",2020
tt12788656,Negative Exposure,"8,3",2020
tt12788918,Samp,"5,5",2021
tt12789110,Le sorelle Macaluso,"6,5",2021
tt12789540,Mosquito State,"5,1",2021
tt12792588,Dashte khamoush,"6,7",2020
tt12792598,Selva trágica,"5,6",2021
tt12792532,La troisième guerre,"6,1",2021
tt12792400,Assandira,"6,5",2020
tt12792418,Nagwonui bam,"6,8",2021
tt12792608,Sary mysyq,"6,2",2021
tt12788962,Das Neue Evangelium,"6,3",2020
tt12792594,Careless Crime,"5,8",2021
tt12792586,"Lahi, hayop","6,3",2021
tt12793064,The Hollywood Tour,NO DATA,2020
tt12794338,Achcham Madam Naanam Payirppu,"4,2",2020
tt12794392,Tereza37,"6,8",2020
tt12793794,Issues of the Heart,NO DATA,2020
tt12797376,Suddenly,NO DATA,2020
tt12798898,Brokeback Mountain 2,"4,6",2020
tt12798962,Kiwewe Nyeusi (Black Trauma),"9,0",2020
tt12801326,76 Days,"7,1",2020
tt12801538,Bandar Band,"6,2",2020
tt12799904,Young & Reckless,"7,8",2020
tt12801954,Velikku Veluppankalam,"6,5",2020
tt12800042,Our Gorgongosa,"6,7",2020
tt12799878,Normal,"6,3",2020
tt12802846,Konnappookkalum Mampazhavum,"8,7",2020
tt12800946,180 Degree Rule,"5,1",2020
tt12801814,Violation,"5,3",2021
tt12801798,Fauna,"5,8",2021
tt12805548,Daan (Marathi - 2020),NO DATA,2020
tt12805676,Me and Me,"5,9",2020
tt12811470,Das Unwort,"6,6",2020
tt12811040,Sheleena,"2,5",2020
tt12814530,"Theoretically, a paranoid conspiratorial phone call","8,5",2020
tt12814764,Ayi,NO DATA,2020
tt12816898,Sheru,NO DATA,2020
tt12817640,AntiMafia Virtue,NO DATA,2020
tt12817068,Alaya,NO DATA,2020
tt12820938,Maquis,"5,2",2020
tt12824160,Busman's Holiday,"7,3",2020
tt12825042,Know Peace,NO DATA,2020
tt12826890,Evar Karavathu,NO DATA,2020
tt12827718,Shared Radiance presents: Shakespeare's Julius Caesar the ZOOM Experience,NO DATA,2020
tt12826550,Bucchi Naidu Kandriga,"6,7",2020
tt12826916,Kutti Devathai,NO DATA,2020
tt12826954,Kadhal Vizhigal,NO DATA,2020
tt12826950,En Sangathu Aala Adichavan Evanda,NO DATA,2020
tt12826938,Anandha Veedu,NO DATA,2020
tt12826902,Kayiru,"7,0",2020
tt12828136,Nana et les filles du bord de mer,"5,4",2020
tt12832988,I Come from Beijing II,NO DATA,2020
tt12829576,Set Roaring War,"6,4",2020
tt12829958,The Old Ways,"5,4",2021
tt12831260,Halloween Hero,"4,3",2020
tt12831818,Mary,NO DATA,2020
tt12831426,Stranded,NO DATA,2020
tt12833810,Pánico Volumen 1,NO DATA,2020
tt12835910,Charitra,"8,5",2020
tt12835240,Nosotros nunca moriremos,"6,3",2021
tt12837368,Small Town Remedies,"8,6",2020
tt12841318,Petla,"3,6",2020
tt12841844,Kosa,"7,8",2020
tt12841606,Isolationship,NO DATA,2020
tt12837942,Hafiz,"8,2",2020
tt12841700,Love or breakup,NO DATA,2020
tt12839816,Asalu Em Jarigindhante,"3,4",2020
tt12841040,Drawn Back Home,"6,7",2020
tt12844010,Armour,NO DATA,2020
tt12845282,Da Mo Jiang Hu,"6,9",2020
tt12850854,Lindrum the Uncrowned King: A One Woman Show,NO DATA,2020
tt12851872,The Caretaker,"4,8",2020
tt12856626,Kondan,"8,0",2020
tt12858874,Pewnego razu w ogródkach dzialkowych,NO DATA,2020
tt12860974,Lejos de Casa,"5,4",2020
tt12862032,Scrolls of Auristria,NO DATA,2020
tt12860870,The Moths,"4,8",2020
tt12862990,Regina,"6,4",2020
tt12865718,Borrufa,NO DATA,2020
tt12867504,SARS-29,"3,0",2020
tt12867628,Cantonberry Avenue,NO DATA,2020
tt12868294,Alti,"8,5",2020
tt12868356,Enakku Onnu Therinjaakanum,NO DATA,2020
tt12868336,Life with Music,"5,9",2020
tt12869176,Banksterzy,"5,4",2020
tt12873248,Fetish,"7,5",2020
tt12874608,Naadi Thudikuthadi,NO DATA,2020
tt12876096,Lui è mio padre,"4,8",2020
tt12875922,Indu in a Burkha,NO DATA,2020
tt12875782,Freaks: You're One of Us,"5,4",2020
tt12877334,Amatorzy,"6,1",2021
tt12877032,Dianas bryllup,"6,4",2020
tt12879624,Joze to tora to sakanatachi,"7,6",2020
tt12879746,Sei no Gekiyaku,"6,4",2020
tt12881456,Conçu sans peche,"7,4",2020
tt12886604,Tongue Lash,NO DATA,2020
tt12881834,Bidadari Mencari Sayap,"7,3",2020
tt12883450,When I Was Lost,NO DATA,2020
tt12882364,Soa,"6,0",2020
tt12885984,Little White Snowflake,"5,8",2020
tt12883664,Revueltas,NO DATA,2020
tt12886356,Choroibeti: A Journey,"8,5",2020
tt12886854,The Peacemakers,NO DATA,2020
tt12888166,La Nave del Olvido,"6,4",2021
tt12899858,Classmates Minus,"7,1",2020
tt12902844,Drawdown,NO DATA,2020
tt12902248,Proste rzeczy,"4,8",2021
tt12903556,Save Rosemary Too,NO DATA,2020
tt12904712,UFO,"7,3",2020
tt12906658,NENA,NO DATA,2020
tt12906328,Diario De Viagem (Butterfly Diaries),"8,6",2020
tt12907978,Insanlar Ikiye Ayrilir,"6,9",2021
tt12907664,Tratado,"8,2",2020
tt12909260,Next Time Ned - Director's Cut,NO DATA,2020
tt12910486,U slavu ljubavi,"6,6",2020
tt12913444,The Inheritance,"6,7",2021
tt12914190,Vengeance Is Mine,NO DATA,2020
tt12915724,Jenna Bums the Loveseat,"8,1",2020
tt12916974,Blutsverwandte,NO DATA,2020
tt12921022,A Leg,"6,5",2020
tt12921552,My Christmas Wish,"5,8",2020
tt12929974,Manko Investigator,NO DATA,2020
tt12929738,London Confidential,"6,0",2020
tt12934318,Gedo Mashakel,"2,7",2020
tt12932540,Alien Concubine,NO DATA,2020
tt12935278,El Sexoservidor 4,NO DATA,2020
tt12935238,El Sexoservidor 5,NO DATA,2020
tt12937172,Female Boss Hooker,NO DATA,2020
tt12937182,Art of Promotion,NO DATA,2020
tt12936930,The World of Adultery,"7,0",2020
tt12937338,Little Ms Jungle,NO DATA,2020
tt12937626,I Like Sexy Women 4,NO DATA,2020
tt12944384,Bosomy Yeon-joo,NO DATA,2020
tt12942408,Mundo Malo,NO DATA,2020
tt12946406,Both Eyes Open,NO DATA,2020
tt12956498,Man Chang De Yi Tian,NO DATA,2020
tt12956438,El Hatk,NO DATA,2020
tt12958516,5 South,NO DATA,2020
tt12960216,Jane Austen's Pride and Prejudice,NO DATA,2020
tt12961746,3BHK Movie 2020,NO DATA,2020
tt12960052,Shanghai Wang: Luan Shi Jia Ren,"4,5",2020
tt12960248,Last Chance Tango,NO DATA,2020
tt12961802,Famosa,"6,6",2020
tt12961792,New Queer Visions: Right Beside You,"6,9",2020
tt12965070,Vilom,"6,3",2020
tt12965222,The Tales of Strango the Clown: The Chronicles of Gillygutz,"2,8",2020
tt12970408,Beyond Help,NO DATA,2020
tt12969078,Atkan Chatkan,"7,7",2020
tt12969558,Lil' Monsters 2,"2,2",2020
tt12972544,Three Dramas,"2,9",2020
tt12974838,Well Dressed Lie,NO DATA,2020
tt12976196,Sergei: Unplugged Cinema by Shailendra Singh,"6,2",2020
tt12978694,Flash Drive,"4,9",2020
tt12980392,Project Dreams: How to Build Mazinger Z's Hangar,"6,1",2020
tt12980310,Shadow of the Star,"5,3",2020
tt12981158,Fire on the Ridge,"8,5",2020
tt12981968,Ada Apa Dengan Dosa,"7,9",2020
tt12980904,La Hija Mala,NO DATA,2020
tt12984260,Coop,NO DATA,2020
tt12987064,Christmas Under the Sea,NO DATA,2020
tt12986258,Nkan Alejo,NO DATA,2020
tt12986812,Housemonster,"3,2",2020
tt12987128,Little Historians A Very American Christmas,NO DATA,2020
tt12986308,Burgled,NO DATA,2020
tt12987802,Let's Go to the Rose Motel 4,"7,6",2020
tt12990578,Against the Grain,NO DATA,2020
tt12993206,Latyan,"4,8",2020
tt12987614,Sensitive Mother and Daughter,NO DATA,2020
tt12987696,Bosomy College Girl,"4,7",2020
tt12991664,Soula,"7,7",2020
tt12993252,Koler Gaan,"7,2",2020
tt12993100,Taraneh,"6,1",2020
tt12994288,Amaram Akhilam Prema,"7,3",2020
tt12993094,Boht,"4,5",2020
tt12998076,Doorman,"7,8",2020
tt12997998,Wishlist,"4,4",2020
tt12996842,Lo que tenemos,"5,7",2020
tt12997884,Til Freddy,"7,3",2020
tt13000958,Elää ja kuolla Haapavedellä,"8,6",2020
tt13000980,Jin Gang Chuan,"5,5",2020
tt13003432,Farida,NO DATA,2020
tt13003952,Into the Night,NO DATA,2020
tt13004612,Corona Depression,"2,1",2021
tt13007072,Meri Nigahein,NO DATA,2020
tt13007456,La Raza de acero 3 Hambre sed y muerte en el desierto,NO DATA,2020
tt13009488,El Encierro,NO DATA,2020
tt13005662,Miss Andy,"7,1",2020
tt13010786,Goodbye Seventies,"4,4",2020
tt13011878,Otto Barbarul,"5,9",2021
tt13012884,The Chairman: Fred Hampton Stage Play (Staged Reading),NO DATA,2020
tt13013762,Insomniac: The Movie,NO DATA,2020
tt13014050,Musings of an Uninspired Artist,"8,8",2020
tt13023290,Like No Tomorrow: An Apocalypse Anthology,NO DATA,2020
tt13023328,Ruderi d'amore (Ignorati ignoranti),NO DATA,2020
tt13028074,It's Time to Party,"6,2",2020
tt13033818,Dônika naru hibi,"5,7",2020
tt13029250,The Deal: Bernipk (TheHatBoy),NO DATA,2020
tt13029492,My Twin Brother's Son,NO DATA,2020
tt13029572,The Wristwatch,"3,8",2020
tt13029450,Gipnoz,"5,5",2020
tt13033974,Nika,NO DATA,2020
tt13039130,Living in Your Sky,"5,5",2020
tt13041482,Yáng guang xià de shào nián zhi wo de wú sè shì jiè,NO DATA,2020
tt13050758,The Neon Across the Ocean,"6,0",2020
tt13045506,Mavzer,"6,5",2020
tt13046780,Agua,"6,4",2020
tt13045342,The Place of Memories,NO DATA,2020
tt13045628,Ocean on Fire,NO DATA,2020
tt13050714,Royal Kitchen in Qing Dynasty,"8,3",2020
tt13053756,Old Vic: In Camera - Three Kings,"8,9",2020
tt13057280,El Tiempo y el Silencio,NO DATA,2020
tt13054644,De Grote Sinterklaasfilm,"6,4",2020
tt13055780,A California Christmas,"5,8",2020
tt13056878,Dots,"7,3",2020
tt13061218,Mummy,NO DATA,2020
tt13060796,A Place Among the Dead,"4,6",2020
tt13060562,My Summer in the Chair,NO DATA,2020
tt13065426,Love: Augmented,"7,0",2020
tt13059804,Impionçable,"9,3",2020
tt13063072,The Unknown Spring,NO DATA,2020
tt13062374,The White Room,NO DATA,2020
tt13062854,Concrete Paradise,NO DATA,2020
tt13063578,Maithili,"9,5",2020
tt13063654,Wo de nü you shi ji qi ren,"4,0",2020
tt13066948,Adam,"8,1",2020
tt13070178,Yeniden Leyla,"5,2",2020
tt13069610,My Life Is A Lie,NO DATA,2020
tt13070194,Touching the Blue,NO DATA,2020
tt13068388,Vacarme,"6,6",2020
tt13073336,The Vast Deep Empty,NO DATA,2020
tt13075578,Molecules Multiply,NO DATA,2020
tt13075590,Picture of You,"8,3",2020
tt13081264,Story of Kale: When Someone's in Love,"6,4",2020
tt13081440,Fucking with Nobody,"5,5",2021
tt13085598,Cobalt Heir,"7,2",2020
tt13084926,The Blue Whale,"2,3",2020
tt13082008,Naku Ko wa Ineega,"6,0",2020
tt13083874,Tainted Rain,"6,1",2020
tt13086780,Kanarta,NO DATA,2020
tt13087958,Putham Pudhu Kaalai,"6,8",2020
tt13090630,Times & Measures,"4,3",2020
tt13092762,Everyday Is a Lullaby,"6,6",2020
tt13092460,Kar Kirmizi,"6,5",2021
tt13096334,What the Constitution Means to Me,"7,4",2020
tt13096698,A False Flag,NO DATA,2020
tt13097434,Colour Photo,"8,1",2020
tt13100222,Palabras para un fin del mundo,"7,5",2020
tt13099426,Neidentificat,"7,0",2020
tt13105500,Dynasty Boys,NO DATA,2020
tt13107568,Eternal fifty minutes (Coming for You 2),"8,1",2020
tt13105764,15 Killings,"3,3",2021
tt13108292,One in A Hundred Thousand,NO DATA,2020
tt13105114,Wind,"7,1",2020
tt13106696,Quel che conta è il pensiero,"6,7",2020
tt13105824,Xiao shi de qing ren jie,"7,2",2020
tt13124586,Pugalo,"6,3",2021
tt13130314,Emetofobia,NO DATA,2020
tt13131158,Along the Sea,"7,0",2021
tt13129216,Old Vic: In Camera - Faith Healer,"6,3",2020
tt13131816,My Sweet Home,"6,2",2020
tt13137460,"Sami, Joe und ich","6,4",2020
tt13136582,Such a Good Life,NO DATA,2020
tt13138692,Il caso Salice,NO DATA,2020
tt13136884,Execution,NO DATA,2020
tt13137694,Todos tenemos un muerto en el placard o un hijo en el clóset,"6,1",2020
tt13138884,Asking God,NO DATA,2020
tt13137214,Good Times Bad,NO DATA,2020
tt13139222,Before You Go-Love,NO DATA,2020
tt13138430,No Quiero Estar Sin Ti,"7,9",2020
tt13140122,El maestro,"6,8",2020
tt13143050,Trapaça,NO DATA,2020
tt13143442,On the Air,NO DATA,2020
tt13146220,Hét kis véletlen,"3,9",2021
tt13148808,O! Moon-hee,"6,0",2020
tt13149106,Ming tian ni shi fou yi ran ai wo,"6,9",2020
tt13147184,Coffee Café,"5,6",2020
tt13149262,Chupacabra,"5,6",2020
tt13150474,Peter Rabbit,NO DATA,2020
tt13150254,Sejuta Sayang Untuknya,"7,4",2020
tt13149562,Vile,"9,0",2020
tt13150550,Trop d'amour,"6,3",2020
tt13149486,Zaijian Wang xiansen,NO DATA,2021
tt13154142,A Savage Nature,"3,8",2020
tt13154580,Itchy Fingers,"7,3",2020
tt13153956,Zora,"4,9",2021
tt13155900,The Prayer List,"6,0",2020
tt13156174,Faasle,NO DATA,2020
tt13154372,The End of Endless Love,"6,5",2020
tt13155030,Diba,"5,4",2020
tt13153924,King Kong en Asunción,"6,6",2020
tt13161258,Chekmate,"7,8",2020
tt13162048,Kodokushi,"6,2",2020
tt13162576,Splash Gang,"6,2",2020
tt13168586,Xiu mei ren sheng,NO DATA,2020
tt13167748,Your Future,NO DATA,2020
tt13174016,The Lies You Tell,NO DATA,2020
tt13175334,Strah,"7,2",2021
tt13174734,Matto Ki Saikil,"7,9",2020
tt13178978,Tumi Aru Moi,NO DATA,2020
tt13181596,Food Luck,"6,1",2020
tt13180792,Xi Bao,"4,4",2020
tt1318523,The Unhealer,"5,6",2021
tt13186122,Czysciec,"6,2",2020
tt13185126,A Tale of a Chamber,NO DATA,2020
tt13190432,Fuchs im Bau,"6,6",2021
tt13187384,Protifolon,NO DATA,2020
tt13186724,Pule ou Ocorrência às 4h48,"8,9",2020
tt13192892,To Live and Die in DC,NO DATA,2020
tt13190856,Donkey Island,NO DATA,2020
tt13194566,Une vie démente,"7,0",2020
tt13195124,Akyrky koch,"7,0",2020
tt13200364,El día que me perdí,"4,8",2020
tt13202854,The Lobby,"6,5",2020
tt13203484,Twins Woven from Dreams,"9,2",2020
tt13199096,Il n'y a pas de faux métier,"6,1",2020
tt13204766,Edición Ilimitada,"5,7",2020
tt13210386,Shyamaragam,NO DATA,2020
tt13210170,Hand Rolled Cigarette,"6,6",2021
tt13206150,Wine of Birds,NO DATA,2020
tt13207272,Gnana Gange,NO DATA,2020
tt13212270,The Way We Keep Dancing,"6,3",2021
tt13206652,AEIOU (The Vowels of Life),NO DATA,2020
tt13206810,Abuvinte Samskaaram,NO DATA,2020
tt13212046,The Story of Southern Islet,"6,7",2021
tt13210996,Samjin Group Yeong-aw TOEIC-ban,"6,6",2020
tt13218042,Gazabb,NO DATA,2020
tt13217694,Babi,"7,5",2020
tt13218562,Varma,"4,0",2020
tt13217556,Number 1,"6,7",2020
tt13215828,Club Elite 4,NO DATA,2020
tt13216536,Saheber Cutlet,"6,9",2020
tt13217182,Hello! Tapir,"6,9",2020
tt13222420,Used and Borrowed Time,"8,1",2020
tt13224578,Requiem of a Place,NO DATA,2020
tt13225308,Circumstances 2: The Chase,"5,2",2020
tt13225402,Guldasta,"7,3",2021
tt13223734,Bittersweet,"7,1",2020
tt13228984,Malu,"5,7",2020
tt13229850,Cabeça de Nêgo,"7,5",2020
tt13231118,Albträumer,"5,4",2021
tt13238192,Curral,"6,6",2020
tt13236270,Insaeng-eun Areumdaweo,"6,7",2020
tt13236108,The Weekend Fix,"5,0",2020
tt13237108,El Apostolado,"5,9",2020
tt13236202,Twiceborn,"4,3",2020
tt13236062,Handz Up,NO DATA,2020
tt13236576,City of Lost Things,"5,2",2020
tt13236334,"Zhanym, ty ne poverish","6,2",2021
tt13238110,Fractured,"7,3",2020
tt13232730,Hearts Are Trump,"1,1",2020
tt13236734,Dr. Sun,NO DATA,2020
tt13239432,This Is Who I Am,NO DATA,2020
tt13242960,Middle Class Melodies,"7,5",2020
tt13245648,Snowflakes,NO DATA,2020
tt13245934,Escher dori no akai posuto,"7,2",2021
tt13245506,The Italian Boys,"5,3",2020
tt13248198,Lavaperros,"5,7",2021
tt13247698,Virtue,NO DATA,2020
tt13250016,Ta Abad,"3,8",2020
tt13255680,Her Hot Wet Secret,"5,7",2020
tt13254524,The United States vs. The Private Sector,NO DATA,2020
tt13253066,High Fences,"4,2",2020
tt13256122,Yi bi li ya de pai dui,"4,9",2020
tt13259906,18 kHz,"6,6",2020
tt13259794,Primal,"5,1",2020
tt13259672,L'été nucléaire,"5,0",2020
tt13259270,Lola,NO DATA,2020
tt13260836,Angela's Christmas Wish,"7,1",2020
tt13266836,Bilesuvar,"7,6",2020
tt13266136,Tomando estado,"6,1",2020
tt13268684,Masuta,NO DATA,2020
tt10005120,OFUKU: Separation,NO DATA,2020
tt10006262,Hear a No,NO DATA,2020
tt10003588,Satisfaction,NO DATA,2020
tt10005772,The Last Queen on Earth,"8,0",2020
tt10008112,They Never Lie,NO DATA,2020
tt10010434,For the Best,NO DATA,2020
tt10010422,Salvage,NO DATA,2020
tt10016332,Anxietus,NO DATA,2020
tt10023074,Drop,NO DATA,2020
tt10028420,Nairobi,NO DATA,2020
tt10032670,The Color of Midnight,NO DATA,2020
tt10032352,Whenever You're Ready,NO DATA,2020
tt10031320,Aur Kitna Time Lagega,NO DATA,2020
tt10031730,Before the Rooster Crows,NO DATA,2020
tt10037824,Portrait,"9,3",2020
tt10039526,"Post-You, Me","1,0",2020
tt10038088,Sylvia,NO DATA,2020
tt10038014,Sins Unveiled,NO DATA,2020
tt10037766,Ein Man Stande,NO DATA,2020
tt10047998,The Aboves and the Belows,NO DATA,2020
tt10058872,Lavender,NO DATA,2020
tt10061280,The Place of the Skull,NO DATA,2020
tt10058946,Inner Self,"6,3",2020
tt10059532,O Mundo Aqui Dentro,NO DATA,2020
tt10059822,La Lettre,NO DATA,2020
tt10065226,Francois,NO DATA,2020
tt10065208,32 Goldfish,NO DATA,2020
tt10069486,Journey,NO DATA,2020
tt10069650,Twins,"4,2",2020
tt10073626,Footsteps,NO DATA,2020
tt10073872,Días Negros,NO DATA,2020
tt10074848,The Exchange,NO DATA,2020
tt10078686,Love Lonely,NO DATA,2020
tt10086654,Man of the Harvest,"7,5",2020
tt10092172,Nur ein Augenblick,NO DATA,2020
tt10089810,Boundaries,NO DATA,2020
tt10093672,Recover,NO DATA,2020
tt10098068,Cuckoo Roller,NO DATA,2020
tt10098776,Skeletons,"8,8",2020
tt10105488,Dependence,NO DATA,2020
tt10106540,Jericho,NO DATA,2020
tt10107260,The Burning of Mary,NO DATA,2020
tt10109698,Road Runner,"7,5",2020
tt10111546,Love Sex Soprano,NO DATA,2020
tt10115320,Bombs Bursting in Air,NO DATA,2020
tt10116384,Toxic,"5,1",2020
tt10116558,John Mortonson's Funeral,NO DATA,2020
tt10120260,Analog Rainbow,NO DATA,2020
tt10125954,The Peace of Wild Things,NO DATA,2020
tt10123128,Adnan,"7,2",2020
tt10125586,We Came From the Sea,NO DATA,2020
tt10125722,From Gringo to Grave,NO DATA,2020
tt10130964,Dusters,NO DATA,2020
tt10131182,One Last Time,NO DATA,2020
tt10135484,On the mind,NO DATA,2020
tt10135646,Beach Town,NO DATA,2020
tt10141998,Une journée à la mer,NO DATA,2020
tt10147962,Maravairi,NO DATA,2020
tt10150226,Unlicensed,NO DATA,2020
tt10150508,The Weight of Perfection,"8,0",2020
tt10149610,Old Hen,NO DATA,2020
tt10150238,The Gesture and The Word,"7,9",2020
tt10150554,Limited,NO DATA,2020
tt10150638,L'abbraccio,NO DATA,2020
tt10150776,Red,NO DATA,2020
tt10150702,Snowbirds,"6,5",2020
tt10152738,Óskin,NO DATA,2020
tt10156352,Chen,NO DATA,2020
tt10158358,Topanga,"6,2",2020
tt10161080,Deep into the sea,NO DATA,2020
tt10163298,Cosmic Playtester,NO DATA,2020
tt10165742,Fantasy,NO DATA,2020
tt10171416,Isolation,NO DATA,2020
tt10174310,Pink Pool,NO DATA,2020
tt10171548,Yarne,"8,8",2020
tt10180882,How to Say I Love You at Night,"6,3",2020
tt10182142,Anchor,NO DATA,2020
tt10175932,King Daniel,NO DATA,2020
tt10181344,Ayaan,"7,2",2020
tt10177430,For Better or For Worse,NO DATA,2020
tt10182416,The Love Prank,NO DATA,2020
tt10186572,Property,"9,1",2020
tt10188182,You Are My Person,"8,8",2020
tt10188656,Clarity,"8,6",2020
tt10189366,The Confessions of The Bat,"6,6",2020
tt10192242,Rojo,NO DATA,2020
tt10194706,In My Eyes,NO DATA,2020
tt10196304,Dad Was,"8,9",2020
tt10198628,There's No Word for Us,NO DATA,2020
tt10199238,#shootme,NO DATA,2020
tt10201778,Sadhbh,"7,1",2020
tt10203126,"Happy Birthday, My Love",NO DATA,2020
tt10203432,Fleeting,NO DATA,2020
tt10197736,Little Marie,NO DATA,2020
tt10202316,New Exodus,NO DATA,2020
tt10204320,Fathers/Daddies,NO DATA,2020
tt10206928,Theodore's Confession,NO DATA,2020
tt10212224,Porter,NO DATA,2020
tt10214566,Perfect as Cats,NO DATA,2020
tt10217942,Dig,"6,1",2020
tt10221140,Dirty,"6,3",2020
tt10221500,Orchards,NO DATA,2020
tt10223050,Larzan,NO DATA,2020
tt10225266,Going,NO DATA,2020
tt10224894,Shaded,NO DATA,2020
tt10229024,Life Undefined,NO DATA,2020
tt10228534,What Bitch?,"5,9",2020
tt10229372,Safety Work,NO DATA,2020
tt10230084,Metafísica,NO DATA,2020
tt10231820,Blown Joan,NO DATA,2020
tt10234230,Ganef,"7,3",2021
tt10234620,Juice,NO DATA,2020
tt10238188,The Invisible Collection,NO DATA,2020
tt10240818,Desolación,NO DATA,2020
tt10241438,The Last Rights,NO DATA,2020
tt10243018,Only Plastics and Diamonds Are Forever,NO DATA,2020
tt10243764,Cal & Amy,NO DATA,2020
tt10243808,Cagnolino,"6,4",2020
tt10243562,"Jonás, 18","7,0",2020
tt10244224,It's Just a Boy,"9,5",2020
tt10250684,An Ode to Solitude,NO DATA,2020
tt10255776,Augustus,"6,5",2020
tt10256242,From Now on,"6,8",2020
tt10254790,Apartment 308,NO DATA,2020
tt10256058,My Name Is Richard,NO DATA,2020
tt10260480,Alina in Wonderland,NO DATA,2020
tt10262938,Nene,NO DATA,2020
tt10264344,We Deliver a Smile,NO DATA,2020
tt10267428,Dream On,"5,6",2020
tt10264670,Olve,NO DATA,2020
tt10265606,Skin & Blister,NO DATA,2020
tt10266960,Oh My Homeland,NO DATA,2020
tt10267590,Isaac and the Ram,"6,5",2020
tt10267894,An Irrelevant Dialogue,NO DATA,2020
tt10268756,Nightingale,NO DATA,2020
tt10268568,Zoe and Hanh,"5,5",2020
tt10272000,The Abjurants,"5,6",2020
tt10273888,La nuit est là,NO DATA,2020
tt10269760,In the Wake,"6,4",2020
tt10269808,Sullivan,NO DATA,2020
tt10275884,How to Quit,NO DATA,2020
tt10277764,The Battle at Home,NO DATA,2020
tt10276880,Inside,NO DATA,2020
tt10278540,Getting Late,NO DATA,2020
tt10278532,Margo,NO DATA,2020
tt10278288,Contributions,NO DATA,2020
tt10278308,Avant que tu partes,NO DATA,2020
tt10284336,Tribe,NO DATA,2020
tt10283206,"You and Me, Me and You",NO DATA,2020
tt10284132,Gaia,NO DATA,2020
tt10284242,The Monster's Club,"8,8",2020
tt10282966,Roadkill,"7,8",2020
tt10285634,Flicker,"6,9",2020
tt10289540,Honest,NO DATA,2020
tt10287204,Novi televizor,"6,5",2020
tt10287958,Absence of Evidence,NO DATA,2020
tt10289978,Code Green,NO DATA,2020
tt10288522,Allone,"9,4",2020
tt10290340,Stray Dogs Come Out at Night,"6,5",2020
tt10290470,Are We Good?,NO DATA,2020
tt10290298,Underdog Days,NO DATA,2020
tt10289870,Love and age,NO DATA,2020
tt10295906,Prologue,"5,4",2020
tt10297798,Adullam,NO DATA,2020
tt10299280,The Devil's Tail,"9,2",2020
tt10301108,Pink & Blue,NO DATA,2020
tt10307566,i only miss you when i'm breathing,NO DATA,2020
tt10307368,His Death,"7,0",2020
tt10306140,No More Heroes,NO DATA,2020
tt10305528,Ten,NO DATA,2020
tt10308416,The Color Happy,NO DATA,2020
tt10305618,Hide and Seek,NO DATA,2020
tt10308778,Alfredo,"10,0",2020
tt10308626,Thomas Bilodeau's tale,NO DATA,2020
tt10309086,Renters,NO DATA,2020
tt10309754,Stardust,NO DATA,2020
tt10310174,Home by 8.30,"7,8",2020
tt10309924,Grim Reaper Inc.,NO DATA,2020
tt10313944,Synthetic Sati,"5,5",2020
tt10318594,Hands,NO DATA,2020
tt10318366,Känner Du Min Granne,"8,0",2020
tt10317948,March,NO DATA,2020
tt10318550,The Ball Method,"7,6",2020
tt10321358,Meghe Dhaka Rod,NO DATA,2020
tt10325666,The Honey Makers,NO DATA,2020
tt10323096,500 Calories,NO DATA,2020
tt10327806,Enough,NO DATA,2020
tt10326776,La noche del cocodrilo,NO DATA,2020
tt10328742,Hillu,NO DATA,2020
tt10331674,Fish Bone,NO DATA,2020
tt10330190,Uninspired Moments,NO DATA,2020
tt10332626,Last Rendezvous,NO DATA,2020
tt10330596,Psykhe,"7,6",2020
tt10337704,Cold Call,NO DATA,2020
tt10340922,"Run if You Can, Dance if You Dare",NO DATA,2020
tt10337724,Gut Punch,NO DATA,2020
tt10341924,Deprime,NO DATA,2020
tt10342548,Sky West and Crooked,NO DATA,2020
tt10342542,Lagan,NO DATA,2020
tt10349608,Backpack,NO DATA,2020
tt10344262,En Route,NO DATA,2020
tt10350696,Out of Touch,NO DATA,2020
tt10359222,Lush Life,NO DATA,2020
tt10359866,"Sodom, California",NO DATA,2020
tt10366958,Ripe,NO DATA,2020
tt10367016,Det var det livet,NO DATA,2020
tt10366078,Mijo,NO DATA,2020
tt10366970,Ishtar,NO DATA,2020
tt10367128,Zebrafish,NO DATA,2020
tt10366682,1947,NO DATA,2020
tt10367202,A King's Life,NO DATA,2020
tt10368686,The Green Motel,"2,7",2020
tt10369342,City of Shells,NO DATA,2020
tt10369684,Abysm,NO DATA,2020
tt10369806,Seven Fishes,NO DATA,2020
tt10371248,Living with Honor,NO DATA,2020
tt10373286,Pacífico,NO DATA,2020
tt10374986,The Fall,"7,6",2020
tt10375114,Fear: An Allegory on Life and Self-Detriment,NO DATA,2020
tt10382926,Worlds Apart,NO DATA,2020
tt10380892,A Chapter In Life,NO DATA,2020
tt10384060,The End of the Line,NO DATA,2020
tt10382838,End of the Rope,NO DATA,2020
tt10384540,The Prisoner's Song,"7,2",2020
tt10383426,The Last of Us,"5,8",2020
tt10388528,El Clásico,"7,6",2020
tt10388264,Cheers! My love,NO DATA,2020
tt10393454,Unexpected,NO DATA,2020
tt10393008,E se invece esistesse?,NO DATA,2020
tt10395200,The Train Ride,NO DATA,2020
tt10393072,Casteletes,"9,6",2020
tt10395490,Not Black Enough,"7,4",2020
tt10397852,Biche et Louve (Doe & She-wolf),"6,2",2020
tt10396400,Obdurate,NO DATA,2020
tt10398004,Goner,NO DATA,2020
tt10404006,His Pain,NO DATA,2020
tt10403276,Broken,NO DATA,2020
tt10405578,You Hired a Hitman,NO DATA,2020
tt10408136,Immersion,NO DATA,2020
tt10408824,Wireless,NO DATA,2020
tt10408082,Q&A,"7,4",2020
tt10410072,Unknown Caller,NO DATA,2020
tt10409290,Outside Your Door,NO DATA,2020
tt10410420,Cut-Throat,NO DATA,2020
tt10411786,The Mermaid's Journey,NO DATA,2020
tt10413126,Demagogy,NO DATA,2020
tt10413324,The Hidden Ones,NO DATA,2020
tt10416498,The Outcast Kid,"9,9",2020
tt10413508,Descendants of String,NO DATA,2020
tt10416740,Il monte interiore,NO DATA,2020
tt10416128,Kayantar (Metamorphosis),NO DATA,2020
tt10417652,Fixxxed,NO DATA,2020
tt10415696,Reconnection,NO DATA,2020
tt10417628,Life Binder,NO DATA,2020
tt10418928,Under the Lights,"9,4",2021
tt10417488,Downward Facing Dogs,"8,1",2020
tt10416750,La vertiente,NO DATA,2020
tt10423260,Jane and Marlow,NO DATA,2020
tt10423726,Mani,"6,5",2020
tt10422288,Phoenix,NO DATA,2020
tt10426914,The Gift,NO DATA,2020
tt10423590,The Formerly Session,"8,7",2020
tt10431464,Killer Missionaries,NO DATA,2020
tt10430472,Death of the Party,NO DATA,2020
tt10432858,Binary Love,NO DATA,2020
tt10427522,Sparkles,NO DATA,2020
tt10427624,Call Waiting,NO DATA,2020
tt10427536,Tooly,NO DATA,2020
tt10431638,Profiteers,NO DATA,2020
tt10432106,A-N-D-R-E-A,NO DATA,2020
tt10437122,When the Wolf Comes Home,NO DATA,2020
tt10436928,Telecommuter,NO DATA,2020
tt10437512,Home,NO DATA,2020
tt10440088,The Most Beautiful.,NO DATA,2020
tt10440366,Write Me,NO DATA,2020
tt10441966,My Eyes on You,NO DATA,2020
tt10442438,The Pictures,NO DATA,2020
tt10450848,Acto reflejo,"7,1",2020
tt10452082,Leafer,NO DATA,2020
tt10453988,Strings,NO DATA,2020
tt10457078,Próprio,"6,6",2020
tt10457096,Listen,NO DATA,2020
tt10457432,Vacaciones involuntarias,NO DATA,2020
tt10462688,The Work Party,NO DATA,2020
tt10464702,Who Can Predict What Will Move You,"7,0",2020
tt10466140,Dolores,NO DATA,2020
tt10466416,Jonathan Commits,NO DATA,2020
tt10465160,After Class,"7,8",2020
tt10467160,Poser,"8,0",2020
tt10468026,The Sand That Ate The Sea,"8,3",2020
tt10471076,Jeannie Becomes a Star,NO DATA,2020
tt10469462,InSYDNe,NO DATA,2020
tt10471436,Nique Verlaine,NO DATA,2020
tt10471472,Revolvo,"7,1",2020
tt10471338,Mamaville,"4,8",2020
tt10472314,La Rosa Muerta,NO DATA,2020
tt10474714,The Purse: A Dream in Two Acts,NO DATA,2020
tt10475542,All about girls,"6,8",2020
tt10475624,Take Care of Me,NO DATA,2020
tt10476226,Therapy,NO DATA,2020
tt10476230,If I Told You,NO DATA,2020
tt10477382,Doll,NO DATA,2020
tt10477948,Leave 'em Laughing,"9,5",2020
tt10481988,HBDTM,NO DATA,2020
tt10482804,Windows To Nowhere,NO DATA,2020
tt10482728,Our Oceans,NO DATA,2020
tt10481966,The Demon,NO DATA,2020
tt10483298,Show Me Yours,NO DATA,2020
tt10482030,Coucou,NO DATA,2020
tt10482584,Breaking the Silence,"8,9",2020
tt10487548,He Said She Said,NO DATA,2020
tt10485218,Splendore,"5,2",2020
tt10487352,"Greetings, From The Planet Krog!",NO DATA,2020
tt10487234,Instructions for Adela,NO DATA,2020
tt10495722,Calladita,"6,6",2020
tt10499956,Samuel's Trousers,NO DATA,2020
tt10502690,Unsafe,NO DATA,2020
tt10502146,I've Said And Done Things That No-One Will Ever Remember Volume IV,NO DATA,2020
tt10503284,I've Said And Done Things That No-One Will Ever Remember Volume V,NO DATA,2020
tt10504320,Age of Dysphoria,"6,7",2020
tt10504516,The Nearing of Jordyn Simmons,NO DATA,2020
tt10507336,For No One,NO DATA,2020
tt10507832,The Watch,NO DATA,2020
tt10508868,Pizza Party,NO DATA,2020
tt10510454,Fighting the Voices,NO DATA,2020
tt10510462,Lacónico,NO DATA,2020
tt10512882,The Invisible Boy,"6,1",2020
tt10513936,What Would I Be Without You?,NO DATA,2020
tt10513622,Eyes Within You,NO DATA,2020
tt10518270,Toto,"6,6",2020
tt10519602,Regret,NO DATA,2020
tt10519052,Saint-Tite,NO DATA,2020
tt10520014,Expulsion,NO DATA,2020
tt10519088,Hypernova,NO DATA,2020
tt10519216,Liminal,"8,7",2020
tt10519532,Feeling Flush,"7,7",2020
tt10523098,Soulless,NO DATA,2020
tt10523198,Long Distance,"7,9",2020
tt10523274,The Edge,"7,1",2020
tt10524346,Stanbrook,"6,5",2020
tt10524808,Duckbill,NO DATA,2020
tt10524856,Burgeoning,NO DATA,2020
tt10525150,I Give Them a Year,NO DATA,2020
tt10524338,Martin,NO DATA,2020
tt10530280,Middlemarch,NO DATA,2020
tt10533552,Red Necks,NO DATA,2020
tt10537332,The Loyal Man,NO DATA,2020
tt10537426,A Fallen Fruit,"6,6",2020
tt10537554,Vela,NO DATA,2020
tt10538750,The Hunt,"8,6",2020
tt10538804,The Shepherds of Cat Island,NO DATA,2020
tt10538650,Bath Salts,NO DATA,2020
tt10538712,Blood Group,"6,8",2020
tt10539892,Bio Filter,NO DATA,2020
tt10537866,The Kall,NO DATA,2020
tt10537760,Modern Whore,"7,2",2020
tt10538960,Magic Kingdom,"8,3",2020
tt10538546,The Woman Under The Tree,"8,2",2020
tt10540488,Noite Perpétua,"6,9",2020
tt10541114,Roman The Boxer,NO DATA,2020
tt10538582,Sweep Away Hungry Ghosts,"7,0",2020
tt10540660,Tsunami Falls,NO DATA,2020
tt10544216,Blood and Glory,NO DATA,2020
tt10544430,Barbo,"5,3",2020
tt10542456,Lay Me Down to Sleep,NO DATA,2020
tt10545234,Liar,NO DATA,2020
tt10545880,Contra,NO DATA,2020
tt10549654,Esther's Choice,"6,5",2020
tt10550778,Aftermath,"8,4",2020
tt10549322,This Will Destroy You,NO DATA,2020
tt10551800,Claire de Lune,NO DATA,2020
tt10551850,Asylum,NO DATA,2020
tt10553396,We Should Be A Movie,"8,0",2020
tt10551434,Death,NO DATA,2020
tt10553748,Flu,"6,6",2020
tt10554582,When the Smoke Fumes,NO DATA,2020
tt10555582,The Sleeping Life of Sofia,NO DATA,2020
tt10556784,Vércsék,"6,1",2020
tt10558594,Winning Streak,NO DATA,2020
tt10558424,Crashing,NO DATA,2020
tt10556196,9 Months,NO DATA,2020
tt10560762,Mr.7533's last two options,NO DATA,2020
tt10568302,The Calling,NO DATA,2020
tt10567328,Nocturne,"7,9",2020
tt10568550,Better Left Unsaid,NO DATA,2020
tt10573360,Sisters,NO DATA,2020
tt10573472,Macie's Parade,NO DATA,2020
tt10573816,A day in your life,NO DATA,2020
tt10576376,My Dad Marie,"6,7",2020
tt10578336,Jad,"9,0",2020
tt10578274,Man on the Tower,NO DATA,2020
tt10574138,Hot Chocolate,"8,0",2020
tt10577698,Willows,NO DATA,2020
tt10577040,Refugee,"7,6",2020
tt10579592,Hung Up,"9,1",2020
tt10584120,63 Miles Away,NO DATA,2020
tt10581106,"Young, Young Men","6,1",2020
tt10583342,Robin,NO DATA,2020
tt10588070,The Difficult Kids,NO DATA,2020
tt10588878,Pilgrims,"6,2",2020
tt10589784,Raya,"5,2",2020
tt10592896,Trois pissenlits dans un verre d'eau,NO DATA,2020
tt10594874,Adeline,"6,8",2018
tt10597800,"Beautiful, As I Am",NO DATA,2020
tt10596890,Bliss,NO DATA,2020
tt10597728,Satos,NO DATA,2020
tt10601112,Rotten,NO DATA,2020
tt10602246,The Dark Places,NO DATA,2020
tt10601192,The Devil's Truth,NO DATA,2020
tt10601300,Der Briefträger,NO DATA,2020
tt10604032,The Familiar Sting,NO DATA,2020
tt10606348,Ain't My Fault,NO DATA,2020
tt10613406,An Occurrence on Channel 38,NO DATA,2020
tt10607066,Entambado,NO DATA,2020
tt10612966,Talk to Text,NO DATA,2020
tt10612842,Eleanor,NO DATA,2020
tt10607870,Mrs. Paranoid,NO DATA,2020
tt10610888,Natives,NO DATA,2020
tt10611728,Blue Horizon,NO DATA,2020
tt10611546,Five Times A Day,NO DATA,2020
tt10612152,Señorita,NO DATA,2020
tt10612628,Father of the Bride,"6,9",2020
tt10613678,Break In,NO DATA,2020
tt10611912,Island Living,NO DATA,2020
tt10621910,Donor Baby,NO DATA,2020
tt10622386,Sunlight,NO DATA,2020
tt10619370,Rakkauden Tähden Huomisesta eiliseen,NO DATA,2020
tt10619690,Dry Leaves,NO DATA,2020
tt10619688,Cardelinas,"8,6",2020
tt10621120,Beneath The Broken Sky,NO DATA,2020
tt10626564,Our Place Together,"5,8",2020
tt10623842,Loose Thread,"9,2",2020
tt10626650,The Blue Light Stays On,"9,6",2020
tt10626964,Junk,NO DATA,2020
tt10627778,The Weeds in this Garden,NO DATA,2020
tt10627036,Death Knell,NO DATA,2020
tt10628596,Defekt,"6,1",2020
tt10630256,Virtually in Love,NO DATA,2020
tt10633036,Janet,NO DATA,2020
tt10636056,In The Dark,NO DATA,2020
tt10636832,Desolation of Evil,NO DATA,2020
tt10637126,Within the Silence,"9,4",2020
tt10637564,Red Flag,NO DATA,2020
tt10638876,Shoal,"5,1",2020
tt10642742,Fatherless,NO DATA,2020
tt10643132,Reflection,"8,0",2020
tt10646370,Cuatro Espinas,NO DATA,2020
tt10651088,Also Patrick,NO DATA,2020
tt10650520,Ecomienzo (Begreenning),NO DATA,2020
tt10650806,Karta,"8,8",2020
tt10650350,Sweet Potatoes,"8,3",2020
tt10651656,Dilemma,NO DATA,2020
tt10653168,Home Is Where the Hatred Is,NO DATA,2020
tt10656448,"Young, Fragile","6,4",2020
tt10655908,L'Autre Maison,NO DATA,2020
tt10659458,Tomorrow Never Came,NO DATA,2020
tt10659502,The Reaper,NO DATA,2020
tt10660470,Under the Boardwalk,NO DATA,2020
tt10660586,Asethedeath,NO DATA,2020
tt10661508,Catch,NO DATA,2020
tt10668582,UnExposed,NO DATA,2020
tt10665722,L'Aurora,NO DATA,2020
tt10670234,Still Wylde,"6,9",2020
tt10671244,What If I Didn't?,NO DATA,2020
tt10670346,Empty Space,NO DATA,2020
tt10671332,Climate Change,"5,3",2020
tt10673548,Before I Sleep,NO DATA,2020
tt10674928,Dreaming of Sleep,NO DATA,2020
tt10675598,Baggage,NO DATA,2020
tt10674768,80613,NO DATA,2020
tt10675366,Stuck,NO DATA,2020
tt10681334,Kingdom Animalia: The Melanie Fyfe Story,NO DATA,2020
tt10684580,Small World,NO DATA,2020
tt10686246,Flight 483,"7,3",2020
tt10685676,La Gloria,"7,9",2020
tt10685420,We Are a Family,NO DATA,2020
tt10686386,Missing Johnny,NO DATA,2020
tt10687420,Uploading,NO DATA,2020
tt10690706,Magico,"6,0",2020
tt10694106,Eutha-nation,NO DATA,2020
tt10694164,Preservation,NO DATA,2020
tt10696588,American English,NO DATA,2020
tt10698746,Midnight Mirror,NO DATA,2020
tt10699298,Gli assetati,NO DATA,2020
tt10709518,Pierwsze Lato Konca Swiata,"6,1",2020
tt10708148,The Rot,NO DATA,2020
tt10703788,Lost Boy,"7,6",2020
tt10704314,Las grietas,NO DATA,2020
tt10714768,Il quadro alle tue spalle,NO DATA,2020
tt10715150,Just One Day,NO DATA,2020
tt10713114,Plantonic,"8,4",2020
tt10711222,Self,NO DATA,2020
tt10713202,The Box,NO DATA,2020
tt10712486,Stationary Bike,NO DATA,2020
tt10713322,Her Wings,NO DATA,2020
tt10716298,Cross Purposes,"7,4",2020
tt10715216,Atlántico,NO DATA,2020
tt10717852,Hafus in Love,NO DATA,2020
tt10717420,The Middle,NO DATA,2020
tt10722650,ISW vlog,NO DATA,2020
tt10719272,The Last Kick,NO DATA,2020
tt10731268,Faithfully,NO DATA,2020
tt10728988,BALANCE,NO DATA,2020
tt10729444,Choices,NO DATA,2020
tt10730856,I'm Fine,NO DATA,2020
tt10735260,"It's Alright, I'm Here",NO DATA,2020
tt10736616,Lancaster Park,NO DATA,2020
tt10741862,Ring,"9,2",2020
tt10742496,Maratha Mandir Cinema,"7,1",2020
tt10740660,We Will See the Sunrise,NO DATA,2020
tt10746584,Boogie Rage,NO DATA,2020
tt10746424,A Castle in Umbria,NO DATA,2020
tt10746398,When The Night Has Come,NO DATA,2020
tt10751926,PRIM/GATE,NO DATA,2020
tt10751668,Raised by Kanye,NO DATA,2020
tt10756880,Pigs,NO DATA,2020
tt10756152,"Valencia, Chapter II","8,8",2020
tt10756650,The Ones We Leave Behind,NO DATA,2020
tt10758554,Before You Go,NO DATA,2020
tt10757594,Everything in Transit,NO DATA,2020
tt10757586,A Call Above the Clouds,NO DATA,2020
tt10763454,Kata,NO DATA,2020
tt10763514,A Long Weekend with May Blossom,NO DATA,2020
tt10763544,A Great Brother,"9,2",2020
tt10765864,Ishaq Murabba,NO DATA,2020
tt10766076,Gaps,NO DATA,2020
tt10763828,Fargate,"8,6",2020
tt10767110,Confidant,NO DATA,2020
tt10765802,Método,NO DATA,2020
tt10765822,The Girl from the Other Side,"7,1",2020
tt10768652,Gutted,NO DATA,2020
tt10766410,Roseline comme dans les films,"6,7",2020
tt10765626,Underground,NO DATA,2020
tt10766686,Juliol,NO DATA,2020
tt10772012,Scales,NO DATA,2020
tt10772398,First Bite,"5,5",2020
tt10772738,Memoria,NO DATA,2020
tt10771626,Late,NO DATA,2020
tt10771432,Things I Couldn't Change,NO DATA,2020
tt10776486,Reparations,NO DATA,2020
tt10777944,Mettle,NO DATA,2020
tt10778188,Remnants of Dog,NO DATA,2020
tt10782294,Not Nothing,NO DATA,2020
tt10781620,By Grace in the Night,NO DATA,2020
tt10783078,Gets Good Light,NO DATA,2020
tt10784966,Idol,NO DATA,2020
tt10784368,The Last Male in the World,"7,3",2020
tt10786692,Surprise in the Night,"7,6",2020
tt10785152,I Was Still There When You Left Me,"7,2",2020
tt10787118,Land of the Midnight Sun,NO DATA,2020
tt10788606,Big Touch,NO DATA,2020
tt10789820,Tough,"9,7",2020
tt10794654,Life's a Dance,NO DATA,2020
tt10793744,Elephants Farewell,NO DATA,2020
tt10795000,The Effects,NO DATA,2020
tt10796722,Faded Glory,NO DATA,2020
tt10798008,Fourth-Life,NO DATA,2020
tt10797774,No Traveller Returns,NO DATA,2020
tt10797718,The Other,"6,3",2020
tt10798972,Re: Stone,NO DATA,2020
tt10799616,Garlic,NO DATA,2020
tt10801362,The Covenant,NO DATA,2020
tt10801322,Maithiúnas.,NO DATA,2020
tt10801130,2000: En Videobutikk,NO DATA,2020
tt10804332,Five Steps to Success,NO DATA,2020
tt10804396,The Call,NO DATA,2020
tt10804440,Mairi,"7,0",2020
tt10804758,Love from the Sun,NO DATA,2020
tt10804748,The Encasement of Reverie,NO DATA,2020
tt10805046,Castigo,NO DATA,2020
tt10804694,Darkside,NO DATA,2020
tt10805966,Overcast,"7,1",2020
tt10805622,The Widow,NO DATA,2020
tt10805606,Parisian Jam,NO DATA,2020
tt10810432,Convocation: One-Shot,NO DATA,2020
tt10810408,Five Minutes,NO DATA,2020
tt10809954,One is the Loneliest Number,NO DATA,2020
tt10808752,Lettre à mon Fils,NO DATA,2020
tt10810330,Legítima Defesa,"9,8",2020
tt10814822,Salt and Bread,NO DATA,2020
tt10813208,Rosa,"7,3",2020
tt10815030,Tell Me Who We Are,NO DATA,2020
tt10814516,Sunny Side of the Street,NO DATA,2020
tt10815184,The Chosen One,NO DATA,2020
tt10815442,Where Everyone Lives,NO DATA,2020
